"id","y"
5380,3.8649010828499
5381,8.60794052234966
5382,3.65604367765131
5383,3.39497008293539
5384,8.33866091911517
5385,3.58136625732208
5386,11.4745227216687
5387,5.6030552215023
5388,3.60675322219213
5389,7.44055018382042
5390,7.63637227385771
5391,1.37993679168877
5392,1.5721873234565
5393,2.29697859762899
5394,14.0822780796573
5395,9.4368860794028
5396,7.78863587542072
5397,4.21740025640743
5398,4.68487072867072
5399,9.49840968477819
5400,7.62512613492525
5401,5.76924741474929
5402,4.24032056871898
5403,7.9316725720027
5404,10.5216319587808
5405,8.27114189084134
5406,10.9989247653165
5407,9.03322868036723
5408,3.63516696659481
5409,2.98458521606929
5410,1.70516539394857
5411,2.19608128123394
5412,1.58433869899554
5413,5.22262698468113
5414,4.93874958378255
5415,1.95039054341908
5416,4.8629570148112
5417,6.839135406636
5418,4.89550834545132
5419,7.24596627678546
5420,7.06853163611322
5421,5.14707176844556
5422,1.14264545318313
5423,12.9788617394295
5424,9.57629229559249
5425,8.57961047647344
5426,13.5219431900401
5427,10.0010394861359
5428,4.08865582363957
5429,7.67944484743574
5430,3.2011899748419
5431,11.5802090818017
5432,4.06030969461068
5433,10.8256444709475
5434,14.9063107012572
5435,11.1419423851204
5436,1.95728434490047
5437,9.86788300089434
5438,9.04986187451118
5439,2.19160620621404
5440,7.06614093917054
5441,5.10156276344364
5442,0.987170878460978
5443,11.2184261639386
5444,2.46676191296382
5445,4.61529251882609
5446,8.66578842509577
5447,-0.451350423748387
5448,6.49665540718641
5449,-0.0802007417784925
5450,-1.45805730750932
5451,3.74128155022964
5452,-5.53950071226733
5453,8.6691179685592
5454,14.0640523089884
5455,9.55867032638718
5456,9.80056080076472
5457,8.25070498028302
5458,8.08685601807368
5459,4.73560109966837
5460,2.4427198894217
5461,5.86633437951639
5462,5.3368401450379
5463,6.0799657693764
5464,7.19126163193396
5465,6.233717024097
5466,8.16564076577516
5467,5.92774865104681
5468,2.32604733468471
5469,1.15400346633114
5470,10.7161762210928
5471,2.92236172869443
5472,7.49767051753743
5473,17.7066779134424
5474,2.76507734496537
5475,7.72479125748472
5476,7.80898410612197
5477,20.0540066769261
5478,13.9823449283628
5479,4.101837322538
5480,3.92103882274535
5481,10.5599278875436
5482,3.39221438124699
5483,2.49381871178531
5484,8.29189937155748
5485,6.41286767015346
5486,12.4340330431097
5487,4.49127398417844
5488,4.2513337110115
5489,6.10486230417975
5490,4.95831043882101
5491,8.45654162577882
5492,4.07059286550332
5493,4.80612008459507
5494,9.89321594106565
5495,5.69361507996836
5496,4.8577257608542
5497,7.54392035373749
5498,4.73030113553132
5499,10.1588383755627
5500,10.6591768060869
5501,4.18441316623914
5502,8.74007766485661
5503,-1.64461721912458
5504,4.1813825091661
5505,6.45582251637754
5506,2.66979815159545
5507,1.72878786200041
5508,7.67111610283929
5509,2.65623605076367
5510,16.375420812869
5511,6.53840327480328
5512,10.0502788466264
5513,3.97883927036748
5514,2.28400458373791
5515,11.1153437277973
5516,9.44257537787503
5517,6.39711385522411
5518,5.43984287020968
5519,8.50310950399552
5520,4.6085183572518
5521,10.5581848988441
5522,3.54685823244898
5523,2.64191416023089
5524,7.35368091201724
5525,11.2520471857119
5526,10.0651729401163
5527,1.31225708696819
5528,4.96998239222341
5529,6.73819212596258
5530,11.3874046524015
5531,13.1521637282851
5532,5.8720056825348
5533,6.23067941546968
5534,5.60242569790521
5535,7.14577823758609
5536,5.09646062742886
5537,3.78359176049444
5538,3.61910352321935
5539,6.29129302504013
5540,2.93269111063046
5541,14.6888846165533
5542,2.03161927667473
5543,5.70667428467419
5544,10.7079580075533
5545,2.654739780732
5546,6.15488219580727
5547,14.685906425426
5548,6.02333375633146
5549,5.16061114752221
5550,1.14414696691206
5551,12.3720892821419
5552,5.99039940729873
5553,4.03485380862626
5554,8.16518013582032
5555,4.41739333155499
5556,9.87499972103851
5557,2.96085819297336
5558,11.3734604282284
5559,6.48562721062796
5560,3.70235126352366
5561,3.34688350787664
5562,9.7968989490942
5563,5.32828377268235
5564,7.14862370521557
5565,10.1515645476537
5566,11.2157158807263
5567,12.2063624473186
5568,2.10803774623392
5569,2.40389246576115
5570,2.8537101687813
5571,10.3803874018562
5572,2.25125385040072
5573,2.8677255730397
5574,13.0510546567966
5575,8.95386891249649
5576,9.08180420204794
5577,4.92810341362343
5578,3.79643516838656
5579,3.07459721475908
5580,9.90822341055289
5581,3.76244043477036
5582,9.60713141530495
5583,13.909955612686
5584,3.27727098195176
5585,5.22653956582728
5586,4.29934718326156
5587,10.9922930385118
5588,7.85344178404009
5589,9.3390573124724
5590,13.4961784877191
5591,2.50837909239676
5592,9.99016582506102
5593,6.38542519357288
5594,0.121596573991708
5595,6.93674389639067
5596,3.19394137529959
5597,2.35776821125486
5598,12.2819928578544
5599,6.30393100032049
5600,7.80716271429306
5601,10.9874317173519
5602,5.53730470096198
5603,5.84945912133877
5604,6.74935671770626
5605,6.54648598823092
5606,0.419711348063752
5607,11.6932682462393
5608,7.49915467184
5609,0.0344874670893915
5610,5.33917017461846
5611,3.20515163199722
5612,4.20025408552078
5613,0.644807995489799
5614,12.5622529595173
5615,5.54498577981509
5616,4.64503376351841
5617,11.0616593182659
5618,7.76393532725597
5619,2.43487255312266
5620,7.15860502897487
5621,2.23992479922187
5622,2.80004367330069
5623,2.43515153848246
5624,12.2246075281724
5625,6.34804959740659
5626,6.73058677637799
5627,5.96910040210356
5628,4.63895721024869
5629,5.8056761289168
5630,4.7507901181393
5631,6.4834159431004
5632,5.76027070736976
5633,0.398574997201132
5634,5.64545992944697
5635,4.83251282588471
5636,2.97004457393896
5637,3.17524266972708
5638,9.6902217260177
5639,9.33470873541962
5640,10.1907037113303
5641,3.64106627497832
5642,3.57305465117866
5643,5.75864238910278
5644,2.89389986574839
5645,8.62153610095657
5646,7.06880421724192
5647,10.3546983701554
5648,11.3670247509628
5649,6.92386691926711
5650,5.34621917571659
5651,11.6002204955251
5652,6.4749192202621
5653,3.53994450139588
5654,1.93455289335515
5655,1.18457653372337
5656,5.21550953747274
5657,5.21948068154711
5658,2.94410472347495
5659,-0.211458993709531
5660,5.26683019044741
5661,5.89399708144866
5662,6.58976194082002
5663,4.29016647062099
5664,3.14625054755751
5665,2.28634097902444
5666,1.71967393077439
5667,11.5793790095442
5668,5.15259979950254
5669,6.09946779400647
5670,4.73387949298764
5671,2.58765353151897
5672,3.57905070670886
5673,0.190331521759983
5674,11.0547449058011
5675,9.01873630879824
5676,12.5329533703483
5677,12.8566907919484
5678,1.03577114354646
5679,9.83289538365406
5680,10.0069912375754
5681,10.9852619521434
5682,10.2121150334581
5683,2.4109109182804
5684,9.97877852177183
5685,5.72930957224353
5686,11.1264878994009
5687,1.62062628922408
5688,6.26266645868636
5689,14.3243009921624
5690,6.25335318902536
5691,5.06097038877457
5692,6.30982207675796
5693,3.40411859438624
5694,5.11757874218283
5695,7.18391808866169
5696,7.6612301823429
5697,7.74250050633333
5698,7.78341804225752
5699,6.01262076187088
5700,10.3436964401576
5701,7.79146034814293
5702,-0.286487621937674
5703,5.19029610219036
5704,3.00939199129451
5705,17.7666699536024
5706,8.92047804848526
5707,0.513946626245756
5708,-3.89567391619116
5709,5.63634152254246
5710,3.37556634333284
5711,8.47831621660402
5712,3.66624492960566
5713,10.2133575752536
5714,6.45064843012794
5715,6.15838880362938
5716,6.91495678403783
5717,4.93505435837855
5718,2.95820400566013
5719,1.95522698021786
5720,10.712367603578
5721,3.40457253693576
5722,10.601168140876
5723,1.63568308374248
5724,3.22025344437516
5725,5.01325738958822
5726,6.3370154760752
5727,15.8810493380511
5728,10.4705801629555
5729,7.48403206915061
5730,2.36667844878182
5731,9.47522007295909
5732,2.768140065492
5733,3.48455080137754
5734,4.80537374323774
5735,11.0506313266777
5736,3.17549566959308
5737,4.51090528045502
5738,8.67836647445295
5739,6.8946331970745
5740,5.46127312984834
5741,10.1277144646776
5742,3.41764973089751
5743,10.2185672312587
5744,3.56502756850576
5745,8.41744378976436
5746,4.92791014094515
5747,8.28242365905374
5748,7.49312464202377
5749,5.97333258347431
5750,4.7926088093786
5751,9.28531302916611
5752,3.00307741290132
5753,3.43853453603564
5754,5.9414675911052
5755,1.87744940728986
5756,14.7466228624248
5757,3.23949205353549
5758,3.29328905545793
5759,0.722432016562291
5760,1.40263050221841
5761,-0.803720852579813
5762,11.6328771750573
5763,6.53745940120645
5764,4.94921940496877
5765,6.62131430154548
5766,4.61619457844237
5767,4.55654983418048
5768,3.31537633802979
5769,3.14879618338052
5770,7.32163544861419
5771,2.04106094681899
5772,6.05057924770075
5773,3.86098513244916
5774,6.93420627831011
5775,9.36507165593633
5776,10.1142751458403
5777,3.09901089253708
5778,3.16231619260107
5779,3.48785710485306
5780,3.72041286774692
5781,2.94523249926697
5782,6.23680500364763
5783,9.08235726594001
5784,4.66104919232911
5785,9.96475034774064
5786,9.63525341893032
5787,4.08158956576014
5788,7.41462670627993
5789,2.94761973349051
5790,9.7136294003639
5791,-1.52799044864517
5792,2.47829463396862
5793,9.15517005729171
5794,4.61119482070266
5795,10.6070496006309
5796,8.87526227102865
5797,4.04473209736941
5798,8.47349635542558
5799,8.25190181921883
5800,11.1804951014026
5801,4.67182216206835
5802,3.98908711640937
5803,8.40035961995376
5804,3.469134652166
5805,3.69915944658513
5806,6.65279681605628
5807,10.6884226754333
5808,9.09853876219078
5809,9.87438815004226
5810,8.65418422614411
5811,16.6129824539247
5812,7.59766346521811
5813,7.02226493851787
5814,9.13708075544855
5815,6.14123407672478
5816,7.6443350442124
5817,4.57891011406344
5818,9.13130252287048
5819,3.46341736218204
5820,7.17382451171984
5821,6.48904587649116
5822,5.34376024640725
5823,4.17250639625417
5824,20.9740366103406
5825,7.19061445419247
5826,3.45722131234594
5827,3.08108799570494
5828,-3.82840750879737
5829,7.98080687770006
5830,8.5635057901359
5831,6.37327816576162
5832,7.79040173476191
5833,14.5434665834037
5834,5.52474692117415
5835,3.76944922276443
5836,4.53165630990595
5837,6.54715590172201
5838,5.14768239454814
5839,7.97807011182105
5840,9.39937486243424
5841,5.06251026270472
5842,4.04781694944797
5843,6.00059539005907
5844,5.21512812775054
5845,4.05436381941448
5846,6.31091369798528
5847,4.9469834209252
5848,2.48258515942707
5849,9.28409467564457
5850,9.28567790923005
5851,4.98091510275023
5852,7.77706737751096
5853,7.89231776848197
5854,1.38566999862998
5855,1.3543169423172
5856,10.3758552616515
5857,5.6551681731784
5858,5.58789774973431
5859,6.81728983085038
5860,2.96165067508933
5861,6.72329073254598
5862,7.22170188346131
5863,7.40363386016669
5864,9.77222018296095
5865,1.80642597638444
5866,9.53377763378631
5867,10.3789632056424
5868,8.76656419651515
5869,6.87698028386101
5870,6.8667381010671
5871,5.90968197601276
5872,10.0640246458845
5873,6.4024616413819
5874,7.56080471951176
5875,6.00366344914872
5876,2.459458884022
5877,0.986139922803548
5878,11.3061207532535
5879,9.04217344038594
5880,9.52098864087161
5881,10.2648106065773
5882,7.13521192843305
5883,9.2304312259715
5884,3.86192843847354
5885,9.68878786014002
5886,7.13945502923013
5887,8.03949615738701
5888,1.81138390788784
5889,10.6444339909581
5890,11.86534506842
5891,4.93784267173737
5892,3.33103843802886
5893,2.43959594743253
5894,4.0015495486189
5895,9.65962685588253
5896,7.62096162849289
5897,7.11430898165951
5898,8.77375361989413
5899,11.2484605210609
5900,10.1666727741551
5901,5.38659112312931
5902,7.16168640573973
5903,11.409483358066
5904,11.3165532225931
5905,1.49857649043937
5906,6.73183363364712
5907,1.15716385050843
5908,4.55549294577762
5909,11.7964419461482
5910,2.52784905492891
5911,3.64094496519374
5912,8.20923337790048
5913,1.27698949086386
5914,-0.427935143395993
5915,2.39447234188405
5916,2.57210491749923
5917,9.62165070832887
5918,6.52955196057559
5919,5.16552059621742
5920,8.23682323731723
5921,4.63019121476563
5922,8.35007945160948
5923,5.94789635283388
5924,0.370920825085717
5925,2.6847155802432
5926,9.38451090899755
5927,4.96237664641061
5928,2.08595579341037
5929,9.22843821058688
5930,5.15354824890165
5931,8.74590567144818
5932,2.5537120109512
5933,1.745721864448
5934,14.5732772061737
5935,3.79702533242577
5936,9.80134552847353
5937,2.32401375057376
5938,8.5508991633186
5939,10.609225467416
5940,12.3656027636188
5941,5.35288926903694
5942,5.32082366027355
5943,4.45305207482306
5944,12.4433121277855
5945,8.93464043782343
5946,6.02469729760348
5947,7.07935106052115
5948,5.87558787088013
5949,6.26910187557048
5950,6.33025522265027
5951,1.65470642224135
5952,6.51402151826321
5953,9.484693741101
5954,6.77128488383689
5955,1.94555295926068
5956,5.17088827608101
5957,4.97699567539683
5958,9.35213353181832
5959,6.18337296269088
5960,9.05656745169293
5961,5.37353409685013
5962,7.23363178964867
5963,10.873797230674
5964,4.80120937677203
5965,12.3221068472577
5966,5.18113487206043
5967,3.86064736757304
5968,3.0411054657303
5969,8.77802771824412
5970,5.18681577620664
5971,4.01195420605873
5972,9.26217855589032
5973,1.08397383744777
5974,7.69584220859215
5975,6.51175951852965
5976,8.19207388687907
5977,6.28389578353434
5978,6.67595777406247
5979,7.66675822499071
5980,14.3793595272393
5981,5.57759825358986
5982,2.32604555747617
5983,2.74250579451008
5984,4.71707847852196
5985,9.21866321584884
5986,5.49361936904777
5987,4.07299068759413
5988,2.89726130161842
5989,4.36679010341068
5990,8.06881038743531
5991,2.44031180623107
5992,5.27945602908028
5993,8.41259844946665
5994,12.3339343636558
5995,3.26292359088526
5996,4.42174175240626
5997,2.4160496307893
5998,5.06994910033455
5999,7.5070121830484
6000,12.8608784267507
6001,2.60776527690244
6002,3.50483654129919
6003,3.99826281193751
6004,6.60056579120709
6005,6.899609872728
6006,11.2623624707137
6007,5.862017918754
6008,9.32064575321201
6009,10.7668159372309
6010,9.41811309218725
6011,3.86889213799283
6012,6.59601156039672
6013,4.54602761075001
6014,0.315827521157951
6015,5.08219700742745
6016,1.59269559448614
6017,5.19356399251304
6018,9.62034520990155
6019,9.41547782824583
6020,5.15991678981629
6021,12.0351931304869
6022,10.3771157790518
6023,4.11211986731852
6024,7.25311601609281
6025,2.97454686102444
6026,11.8805799228888
6027,2.76556777966524
6028,7.41345160383794
6029,2.85787096191798
6030,13.6818248295365
6031,3.9096917795215
6032,9.25013761774364
6033,6.1425150432444
6034,6.60786304646019
6035,14.5522867307436
6036,11.7692604251316
6037,6.01887574320346
6038,8.7298394621596
6039,5.62975944403915
6040,7.27197909633929
6041,3.73710399671676
6042,5.38121938332796
6043,8.89497340838171
6044,8.36113810830306
6045,6.97044864040579
6046,7.9284012035728
6047,4.14336278617721
6048,1.6692500199952
6049,2.05082014460105
6050,4.28142451000105
6051,4.41249539448093
6052,3.12746909306824
6053,0.0207286162267462
6054,5.09983596633749
6055,1.36794293512939
6056,2.26729730159822
6057,12.8715203080582
6058,8.43228066567018
6059,0.58773983649575
6060,5.53072628702338
6061,3.91462737264599
6062,8.73020764535541
6063,1.31944700415054
6064,3.86913283082895
6065,9.42343332884717
6066,3.51997302370704
6067,3.74265809292098
6068,5.70786952892158
6069,6.27921596782633
6070,4.98864726874772
6071,4.21899990489965
6072,6.14286925482181
6073,8.66564277439846
6074,4.00922610776908
6075,8.76333357176733
6076,11.2545655233634
6077,-0.0690764178481373
6078,5.47144283168722
6079,6.72284706892479
6080,8.32517109977672
6081,1.80615518896337
6082,1.78613523995524
6083,1.55247339747164
6084,6.95018235459542
6085,10.953111255259
6086,8.20205182456793
6087,9.27411293723381
6088,5.56721887813067
6089,1.70158192075095
6090,8.67012054915741
6091,8.68542401607414
6092,6.01707902805697
6093,7.23837678145067
6094,6.6181101064541
6095,8.5087064068455
6096,5.13861717483662
6097,10.8789753746613
6098,8.05459112530202
6099,7.14016881796971
6100,13.2621238404058
6101,5.58974754748204
6102,9.80744611950657
6103,7.01911270137567
6104,6.93466255711487
6105,9.71894947527178
6106,8.15091466183981
6107,7.06033050759541
6108,9.79281816832965
6109,10.6028350434938
6110,1.54298238822305
6111,4.4859276395512
6112,7.69080234322514
6113,5.94970116958496
6114,2.3228589178639
6115,5.77176957955842
6116,5.43798264658587
6117,5.92310472226291
6118,8.60300176038194
6119,2.50633318224273
6120,10.8612783177574
6121,2.32584717256385
6122,16.1667683970131
6123,4.78427074088041
6124,5.7987446511445
6125,14.5593951398958
6126,4.28393291973991
6127,6.26106803923225
6128,8.99740866075881
6129,8.69128962754171
6130,5.92695619723939
6131,8.23882911629902
6132,5.11770997059577
6133,5.65987920449353
6134,9.35414616033089
6135,7.99906533439009
6136,14.9780327986764
6137,1.3787799898306
6138,8.03755359757714
6139,6.63041015759748
6140,3.88676006652082
6141,5.2132650120316
6142,6.57505044357536
6143,8.93946891786381
6144,5.52016529044905
6145,1.16676060759866
6146,5.62755643527054
6147,4.08542153748996
6148,5.05999363251152
6149,6.47552301257486
6150,5.56915549555206
6151,7.65404070683366
6152,5.91784469459174
6153,10.0799329013873
6154,6.49360849707536
6155,10.6709775149417
6156,3.2536159237985
6157,1.02611751416451
6158,5.45212778894348
6159,5.32173763627081
6160,14.672932750042
6161,19.2002903148075
6162,10.6260689146157
6163,1.64352807654469
6164,3.60541195779747
6165,12.9291079356815
6166,6.81367562310835
6167,7.31263684740212
6168,4.28373889976448
6169,6.4398888589466
6170,6.85034417610248
6171,8.10518564330409
6172,5.68801626837618
6173,13.304807714711
6174,10.0696530681107
6175,6.29728362185942
6176,13.9212592547085
6177,6.20105129665096
6178,4.33366343171113
6179,1.8486292805571
6180,2.06020705585577
6181,2.50252073379008
6182,3.75252214832429
6183,2.73386281024924
6184,3.17009973542187
6185,0.582901847171037
6186,9.62504387251381
6187,7.92351949445953
6188,4.44576543970031
6189,4.36577873707246
6190,7.20328761621352
6191,2.73955366864773
6192,4.37865701941907
6193,7.47154590290145
6194,3.40821002429582
6195,-0.522629260704107
6196,1.94290464757043
6197,2.44083540027017
6198,9.80658510858858
6199,1.41749252894606
6200,10.9625822403523
6201,7.5020681944815
6202,4.05388934421573
6203,3.53640204427805
6204,17.8727630934624
6205,2.90236206528348
6206,5.54155916405403
6207,6.54213943392395
6208,7.29263590570447
6209,4.7035657602958
6210,12.0845694603272
6211,2.52658157910633
6212,6.90268797171366
6213,-0.200427313746511
6214,3.8296790286219
6215,3.45500204508055
6216,9.55408957758755
6217,6.50045500279386
6218,3.71655052363532
6219,6.07181258490289
6220,2.43206948503697
6221,3.40208478966099
6222,1.67870780653306
6223,3.76515468554345
6224,5.81339208130549
6225,15.256340679629
6226,5.52641034201879
6227,5.82792492627424
6228,13.2080323021807
6229,2.44113540622417
6230,10.921672086848
6231,11.460054543424
6232,9.85147161848946
6233,5.34170207837075
6234,4.05176313428094
6235,5.43347506825469
6236,2.66748721391086
6237,9.72743623512932
6238,7.5649605819643
6239,19.8681910664184
6240,9.75597441625053
6241,6.40084483026386
6242,4.93789663975272
6243,12.7065049600283
6244,6.41181440516071
6245,3.18182263042869
6246,5.60336890989389
6247,3.0496008176225
6248,10.7382517776727
6249,10.0195996941957
6250,13.4612105884075
6251,10.379793677302
6252,6.83745993651447
6253,7.74100423115565
6254,11.952620769913
6255,5.08603643241937
6256,14.3711556612988
6257,5.6563894726397
6258,10.5786684875566
6259,1.27363351303924
6260,5.38372411951577
6261,8.66553373172342
6262,7.93953407456055
6263,6.54555281780624
6264,2.39107004839883
6265,3.67662093833687
6266,2.17260969690079
6267,4.12446373615343
6268,4.08783978254564
6269,6.86359209125485
6270,5.87211258297125
6271,3.07163415741369
6272,6.11902977514421
6273,4.18188401381847
6274,15.7259760501165
6275,3.47130407657631
6276,1.99351477139538
6277,2.69673350457848
6278,0.130774617478743
6279,2.69846631000594
6280,5.61560894227696
6281,10.5650978825424
6282,-1.12371191800167
6283,7.555743753913
6284,16.584467558628
6285,3.0460940835318
6286,3.19912962434807
6287,5.38091110357828
6288,5.94923207364228
6289,4.70195318888057
6290,7.42823911894726
6291,0.136456342982301
6292,0.358065552950778
6293,7.58419172032163
6294,5.48466041327205
6295,7.17867225658825
6296,4.37408841090098
6297,3.94027693958282
6298,11.4450743183617
6299,14.0836844709149
6300,5.47817059932863
6301,7.14696468323125
6302,7.1127566838797
6303,13.3973914091065
6304,2.05634470108257
6305,5.95542524062594
6306,6.77776316896757
6307,2.16056093855849
6308,12.1777490930017
6309,5.58835551684841
6310,10.9063850855209
6311,7.01425702446143
6312,3.18514376621775
6313,2.4629935248085
6314,4.26361743420119
6315,4.88535759774193
6316,11.6915454978849
6317,4.28396137041979
6318,10.3462922648817
6319,5.13204681455241
6320,12.873288375086
6321,1.15946657560598
6322,6.65877387598455
6323,7.96817202813058
6324,3.60725628965644
6325,15.5649102795815
6326,15.1949843573814
6327,1.96293169189808
6328,7.1166481559751
6329,5.34439430252421
6330,6.81588714917747
6331,3.72526746975411
6332,6.10809422625135
6333,2.48466498390287
6334,6.96682615608613
6335,6.74287956737061
6336,-0.413928587244436
6337,8.72949341231046
6338,5.83311026232226
6339,6.29017071674155
6340,3.02217835235539
6341,-0.164482822517037
6342,3.53034703234076
6343,3.12680890023643
6344,3.51001003078597
6345,3.80027833958031
6346,9.71560757883463
6347,7.00101690683188
6348,9.90290244303281
6349,7.98026584855726
6350,3.72549248329598
6351,7.21586187339864
6352,1.5812375158846
6353,9.36836763540504
6354,7.02366941576607
6355,10.0344380179967
6356,6.56793737211714
6357,2.66608653873954
6358,5.08894091216745
6359,6.49587749560189
6360,5.83803380826147
6361,1.49526438107847
6362,8.17730273494717
6363,8.41585214724212
6364,6.15695163468332
6365,4.15656878640391
6366,7.79477122938236
6367,11.1343550918714
6368,5.07288049030464
6369,2.83635459920192
6370,3.30287205009129
6371,5.02778797540152
6372,1.27503748046422
6373,6.12698502178991
6374,6.24784652604417
6375,4.81508324057583
6376,16.7250784392673
6377,1.95197727663293
6378,3.78064909235257
6379,6.48092588004507
6380,7.54602686972605
6381,6.31917418828776
6382,5.40483833165138
6383,6.44301597387796
6384,4.33470885225265
6385,4.80807910579432
6386,4.8729487976628
6387,2.64919521769775
6388,6.52769834463071
6389,5.46215814934062
6390,16.3523125929966
6391,8.25729922091025
6392,5.534547396541
6393,6.03146983588159
6394,6.71360781410219
6395,4.0815393601381
6396,11.1810551108936
6397,10.812289203641
6398,4.12563050759775
6399,9.90781086156365
6400,3.73134055085367
6401,4.95982560957914
6402,5.44403132380311
6403,7.36553003855057
6404,2.98683832018666
6405,9.54669672094497
6406,4.96990946498059
6407,7.84448604160715
6408,5.53312872258239
6409,13.9778731797431
6410,6.90650561849711
6411,5.1534359128615
6412,8.949867362101
6413,2.93776357614774
6414,7.41664962257854
6415,4.56842472604617
6416,7.28367249347663
6417,12.6524085692027
6418,5.99698916258086
6419,4.60930022082354
6420,6.06076917640967
6421,7.11249703055781
6422,9.18929492841981
6423,4.56235594729665
6424,3.29591513559916
6425,10.4202053508531
6426,11.5609235139033
6427,6.10328590405417
6428,4.12762235702955
6429,6.77962042329309
6430,7.10860199052516
6431,5.42851094821201
6432,3.98052096741072
6433,7.68303857413115
6434,10.9085844598111
6435,13.2919292529765
6436,4.54385213412128
6437,6.02988104025711
6438,11.4287462205286
6439,3.33231153090758
6440,6.44164432347139
6441,8.93906132893036
6442,7.26068406023019
6443,3.67312797637696
6444,7.17109975388994
6445,6.05379484200768
6446,7.38077992506147
6447,4.00973640991711
6448,6.87090160704442
6449,3.81031669798774
6450,3.05369969601616
6451,9.72269341740699
6452,2.63129115789689
6453,2.93753322936632
6454,4.06948997273551
6455,6.92042918789837
6456,4.87227126469167
6457,2.38185233325607
6458,7.8213194934075
6459,5.31491867784724
6460,2.33983074574724
6461,3.28851873532209
6462,5.52198395350698
6463,3.32102529881602
6464,6.93872388070195
6465,5.79541370093163
6466,2.32569732914233
6467,6.12605030693781
6468,2.79569757467041
6469,11.4457272772281
6470,6.71177336909062
6471,3.29464786457974
6472,6.48845761366692
6473,6.03951457137464
6474,3.39707432565109
6475,3.34758826462542
6476,6.13514700553436
6477,3.42040239469682
6478,4.38513478911576
6479,2.91617884452404
6480,2.10381368285642
6481,2.41047774143204
6482,1.75674576383666
6483,3.79307360249735
6484,4.23954491662323
6485,4.7643180561082
6486,4.05449408231841
6487,0.900427556638626
6488,8.09274766813623
6489,10.0766871999979
6490,2.01627040287444
6491,11.7412081669993
6492,4.88858265083764
6493,5.96531893638248
6494,6.62756704884019
6495,4.82004664921584
6496,5.22872046774626
6497,1.99276472530864
6498,2.38890432252046
6499,3.26790048540198
6500,6.82631982625007
6501,1.88329547693783
6502,9.32390225244698
6503,8.45162368060805
6504,7.67863138547154
6505,10.0390113103675
6506,9.20206040897135
6507,5.97062226879225
6508,10.435306494529
6509,5.29415794339373
6510,10.7280809448065
6511,5.78331583590073
6512,5.05780956072739
6513,8.7600147429982
6514,7.52253332173071
6515,6.82892988515726
6516,6.57495020521034
6517,6.78658522352749
6518,11.6163214795573
6519,8.44590656663865
6520,14.3623825092628
6521,4.22010937021269
6522,3.92737237141327
6523,1.90268723229198
6524,5.14131074574682
6525,4.25392638886725
6526,4.14147664566138
6527,12.8292524101056
6528,15.5436207838456
6529,6.05125074471298
6530,1.80853022785702
6531,9.96046626106319
6532,5.51282332164628
6533,1.83686582624104
6534,6.93577119413053
6535,8.59393740522735
6536,7.61521660743477
6537,7.16258439265571
6538,3.38827114358546
6539,4.58461057948624
6540,1.60792176436244
6541,5.71851676148894
6542,4.60984614354709
6543,11.533930516926
6544,8.97129555733455
6545,6.42940371029784
6546,2.29769367709367
6547,6.3628555166414
6548,2.97337809533238
6549,3.8309079366842
6550,7.3569926165658
6551,6.83678447409402
6552,5.89447605646254
6553,5.44853124610756
6554,6.82258560553471
6555,9.04680526996812
6556,9.89759663876628
6557,8.12893584690649
6558,6.27642451639818
6559,4.29594445169643
6560,3.5986806023445
6561,1.97608734406758
6562,9.62421102358966
6563,2.54511546367888
6564,3.495980631022
6565,5.73306670443865
6566,6.44692053880062
6567,4.67364311448291
6568,7.73714315231603
6569,3.68496194266077
6570,2.97583421227426
6571,3.44686050895497
6572,4.11190949802938
6573,1.23297179046669
6574,7.30489008474551
6575,6.14635802909847
6576,4.36718884127761
6577,7.12402778863853
6578,11.6549689793193
6579,7.45704508677563
6580,4.20852322560892
6581,6.67036313305955
6582,7.2791142617521
6583,8.44971665388771
6584,4.69446134341205
6585,5.65134479219411
6586,4.16062788932439
6587,5.08755866204317
6588,4.26813746977888
6589,15.3385806003079
6590,8.54450368956662
6591,9.35298217860224
6592,2.59447299960359
6593,10.4848370800083
6594,10.6293718228023
6595,9.86064795067965
6596,11.2095563872081
6597,4.96932254896065
6598,6.70057697221015
6599,6.27623993052495
6600,4.58267975580117
6601,3.55984934169796
6602,10.7101235663674
6603,11.7541243280362
6604,9.45148194537011
6605,4.10725149947608
6606,3.18543652634694
6607,1.88587431775286
6608,9.20386531591788
6609,4.37240441084387
6610,1.69746028534629
6611,8.2282065444963
6612,9.20792696377645
6613,4.65785590011103
6614,17.2061194326422
6615,7.20947520547106
6616,6.07684333457573
6617,2.68380218583139
6618,9.32608488470773
6619,3.58168917799918
6620,7.61449919217728
6621,4.85616018075632
6622,6.63065165364661
6623,7.74431706306504
6624,5.24885799100828
6625,8.72607449590432
6626,9.60454081048139
6627,2.26763636515597
6628,6.90764546309319
6629,2.50735050904103
6630,1.92212214143319
6631,3.13726483949655
6632,13.0382627536266
6633,7.16381056096748
6634,6.87698962651406
6635,9.95997935112574
6636,4.11937270453966
6637,3.94395865633673
6638,3.67588268571464
6639,8.87649503679857
6640,9.44288656213683
6641,5.09112990672798
6642,0.652109860939949
6643,3.08470237256616
6644,6.12240950814992
6645,7.40605052028458
6646,12.3140627750249
6647,5.02778190158128
6648,7.87765480400982
6649,4.07402033171009
6650,1.18610930937206
6651,14.1424968507612
6652,7.75209254720364
6653,7.01061492533968
6654,2.04107787419437
6655,9.35594564840037
6656,7.75192284478687
6657,4.98504005320896
6658,7.78292789073999
6659,8.66002962366599
6660,12.2504871696239
6661,8.1439572550778
6662,10.9456686506464
6663,5.67381681206725
6664,16.4581374086832
6665,4.27021797582702
6666,2.64066588733117
6667,12.799590746861
6668,13.5662127184452
6669,4.73583453698681
6670,9.60844005867699
6671,7.10264691926868
6672,5.16815504387263
6673,6.4889930929731
6674,2.68067063130253
6675,6.40408133715973
6676,3.47302872240182
6677,4.08448223936397
6678,5.10983767865826
6679,6.59628208335671
6680,10.0993162436088
6681,11.8195034906557
6682,6.45487664653344
6683,3.14462324787957
6684,4.78759750508066
6685,5.32068308719091
6686,3.93035337205132
6687,6.65144187525912
6688,6.33197530264914
6689,4.54216210672533
6690,1.87899535646832
6691,7.04099101738201
6692,9.73062570278803
6693,6.09761324017459
6694,5.55322416765978
6695,3.17877244520764
6696,8.16058327091362
6697,7.87064926213334
6698,4.5840661277426
6699,9.1208754812379
6700,3.88495274031481
6701,7.19877432461223
6702,10.3119349717521
6703,6.45421994010442
6704,11.89059883409
6705,0.312301339900387
6706,3.34988493159963
6707,7.99863556107864
6708,4.61325838718969
6709,11.3165102969071
6710,5.19673400899597
6711,11.2396682959632
6712,4.11917294972937
6713,0.363071561377987
6714,1.96619961816856
6715,1.67170995197976
6716,7.92403622863625
6717,2.85912839386984
6718,12.5541879228797
6719,3.42269831828488
6720,4.60653867789143
6721,4.99677619425746
6722,6.04679238791145
6723,1.57192144060538
6724,3.35380366477427
6725,0.594809036815962
6726,9.08803022798569
6727,12.9510141864362
6728,1.70537045349726
6729,10.1755441920362
6730,11.9046173370868
6731,5.2958630961128
6732,12.5071737231422
6733,8.23494800222781
6734,14.088814691965
6735,-5.63479729181124
6736,4.16606052578441
6737,3.5282205515995
6738,10.8887433595723
6739,6.92883073280496
6740,10.2570027527771
6741,7.50999051405705
6742,6.8027605925187
6743,5.06258867503252
6744,5.59426954267756
6745,6.62629510559222
6746,4.33349507296162
6747,9.9201781164936
6748,0.196811810575133
6749,13.6059481377469
6750,5.20596856925158
6751,7.06741896458483
6752,6.77221722665945
6753,5.44997238620803
6754,5.13581838273325
6755,5.16008170467171
6756,13.2386667623439
6757,1.50436910596876
6758,7.09911086500352
6759,2.81935539758224
6760,11.0965237782295
6761,3.86136557846218
6762,5.64752236367645
6763,15.0674017226769
6764,3.91573826484187
6765,9.79742690552752
6766,11.0175671479965
6767,3.272827145065
6768,7.0981343032674
6769,7.01216739107335
6770,7.8477968955524
6771,9.1952095456331
6772,13.758756195018
6773,8.87819897877235
6774,13.0879517915926
6775,8.1417072570443
6776,4.69917641399354
6777,3.45210270264665
6778,3.06945077176843
6779,11.9883504547591
6780,8.93951614003758
6781,13.7698696519033
6782,8.63321477263502
6783,0.930234623091187
6784,4.9711096433445
6785,9.46279830504455
6786,4.86295648046264
6787,2.35011811386368
6788,4.16501618863839
6789,3.13004445239186
6790,8.62029626602648
6791,9.59475710613017
6792,10.976306390567
6793,7.07513535270402
6794,8.5369027897539
6795,7.52764035150376
6796,7.14553487052975
6797,1.8499556489327
6798,11.1069737407918
6799,4.7761829192693
6800,7.23786075366059
6801,7.46681718057936
6802,2.1505294636284
6803,9.00944456234193
6804,2.23891799141338
6805,13.5158628633289
6806,4.44615275339373
6807,8.85119111814122
6808,0.431325878976097
6809,5.09326221432846
6810,4.61173393337026
6811,10.1919981730031
6812,7.66771858299375
6813,1.37051198571942
6814,4.16037855851647
6815,7.38524764423537
6816,1.14440498624319
6817,3.52187880980535
6818,9.887106339073
6819,7.72595041192989
6820,2.94065509026148
6821,0.588475145214339
6822,6.22001951695044
6823,6.76437029824246
6824,11.1892742124477
6825,7.1268411386477
6826,11.4003658546295
6827,3.02945477629565
6828,10.177161576886
6829,1.29174548066583
6830,19.278324428684
6831,3.0844726968668
6832,1.02609819261278
6833,5.52579928085149
6834,7.77371439162096
6835,7.03258725615085
6836,5.74947076559694
6837,7.6642835243059
6838,9.05182415425169
6839,12.4562811619268
6840,9.24519947257574
6841,5.10918748906558
6842,4.73066576463357
6843,6.68629089027579
6844,6.85452039602656
6845,8.1626249702835
6846,3.88672699044881
6847,5.00375848561887
6848,2.75153509073735
6849,8.60113409230112
6850,15.011322286078
6851,4.28758857995335
6852,11.4182710689754
6853,2.52653517870545
6854,2.62739120888064
6855,17.8611875075132
6856,7.5507153280605
6857,2.09559079255518
6858,2.0028556380419
6859,4.95603835337495
6860,11.3433623366423
6861,2.73826004482283
6862,14.3616835203625
6863,3.07304831018967
6864,11.1232710030743
6865,4.4750573530415
6866,4.54613643934923
6867,16.3249558596669
6868,5.19652783578355
6869,4.20366165546582
6870,5.15561203486709
6871,6.00684463967815
6872,6.8170278014619
6873,4.06771447837959
6874,12.1587000488192
6875,7.55887881251474
6876,1.19198291222782
6877,4.30201775072708
6878,4.09636202186761
6879,2.30235208898314
6880,3.99966015581239
6881,7.37624224144566
6882,4.84061461383477
6883,12.5724024344645
6884,9.71923308599695
6885,11.3240974670195
6886,2.30407663418815
6887,8.81698279111244
6888,16.3769653406188
6889,2.63270318825546
6890,1.30042029531795
6891,3.37134714031484
6892,4.18584341585053
6893,9.14566730897047
6894,10.2367106105847
6895,1.44174736794634
6896,0.358023620021697
6897,3.02927906811929
6898,12.5543700361033
6899,4.14907220551387
6900,11.8920369709148
6901,5.25485026852199
6902,3.60836669235875
6903,6.18151207320031
6904,10.8400354540532
6905,3.2707241104779
6906,2.44159300177114
6907,5.96263355330435
6908,2.19155579457315
6909,11.4132480429434
6910,7.20039231786393
6911,7.94544278300599
6912,3.15252526780025
6913,5.2384421068319
6914,5.58097716510191
6915,6.42587731015557
6916,4.14879749966969
6917,1.68704158907435
6918,9.71339838614761
6919,10.2743238409233
6920,2.73757548619541
6921,6.04984402770975
6922,14.7264803969794
6923,13.4805064873459
6924,6.09412022543402
6925,4.50518852143689
6926,10.3688644123523
6927,7.22573943206683
6928,2.35910265958346
6929,4.22642053942092
6930,6.63029819170393
6931,14.3140566883046
6932,7.38168108565446
6933,6.46974053678061
6934,1.706537102917
6935,5.17635763722112
6936,7.47735911113099
6937,4.58033214363412
6938,7.12178373044272
6939,4.34398894193172
6940,8.75913132441794
6941,6.42805447445554
6942,2.80929243816197
6943,7.2884594301361
6944,5.06747624613654
6945,2.19312039127276
6946,7.00795011669825
6947,6.66336429610664
6948,8.57800609773465
6949,5.25522335626666
6950,10.658672593106
6951,13.1355734228001
6952,6.03001284130984
6953,3.30537135767549
6954,9.18477013216269
6955,5.15819325647404
6956,9.06429898116095
6957,5.95924070602991
6958,12.2323318948768
6959,4.58355038805281
6960,3.838869509511
6961,1.8688832187994
6962,3.81713050971207
6963,4.23373817059259
6964,9.44792497383068
6965,2.29813436450801
6966,6.14043658208097
6967,2.39055546722952
6968,6.72550156815721
6969,5.26356438088794
6970,3.79310920067739
6971,11.3396483451028
6972,12.3549439570503
6973,7.2006877717662
6974,8.74541078353156
6975,4.2801318654055
6976,12.2362974278606
6977,11.0641780558699
6978,2.30759111446003
6979,10.5916788110498
6980,10.3352087297716
6981,19.6435179838191
6982,7.56319129586369
6983,4.47748528749178
6984,8.46392296963556
6985,7.86953716788786
6986,10.9062949173691
6987,9.48546390587616
6988,1.38560750472388
6989,5.32325615384805
6990,6.77988283469364
6991,1.68968411498105
6992,6.293037059054
6993,9.12520862277209
6994,8.5625109199251
6995,1.47485339595705
6996,4.01421674838894
6997,10.353695814893
6998,-0.129199423252381
6999,7.15472640311922
7000,3.4637378385895
7001,6.4979612021912
7002,4.87450569450451
7003,7.99629823964096
7004,5.01934245794409
7005,4.11450959750371
7006,12.6709770324753
7007,8.3198378438462
7008,7.54485025669847
7009,3.67796296198672
7010,5.48758422597097
7011,2.68393658956504
7012,7.30686715593923
7013,3.4954776389208
7014,7.53883780618303
7015,3.57135713927323
7016,3.49053656254176
7017,10.594679782892
7018,5.18574572116776
7019,4.74092739661526
7020,0.253434434165733
7021,7.1802942655614
7022,0.521108099453659
7023,6.98294964865645
7024,9.92050378065556
7025,-0.742807753794779
7026,6.97020045556438
7027,9.889477870913
7028,3.693808389795
7029,9.23705157446687
7030,8.0017926084233
7031,4.19510795545494
7032,7.09428825693559
7033,8.81289393323769
7034,1.90078824586697
7035,7.29216325495581
7036,8.79643279861814
7037,9.91665958845227
7038,3.14648990198283
7039,2.20278481896729
7040,9.91516571433538
7041,4.25950902476526
7042,7.89702324673586
7043,10.1188682801579
7044,5.95930412264958
7045,10.1841612031971
7046,-0.915502358954729
7047,3.72783540184052
7048,11.691142048644
7049,12.9787955303134
7050,3.88999152167222
7051,6.1356410273864
7052,1.28788015578862
7053,8.53301966713598
7054,3.49321040254309
7055,6.43634089920313
7056,7.38541750636542
7057,8.60224317622768
7058,4.2952045055544
7059,10.3221511674693
7060,7.60210124171123
7061,2.56563574286616
7062,7.83720436926837
7063,11.0133753973847
7064,7.90751708125339
7065,7.27041661927707
7066,4.73503018500316
7067,9.0946255581415
7068,17.598355911593
7069,4.16754803581431
7070,2.07023007229058
7071,1.99278195137034
7072,7.85883907995637
7073,4.70590680928591
7074,8.11450947549493
7075,5.61707918600623
7076,8.20728145598194
7077,2.69982192921255
7078,11.214143885367
7079,6.79309853452892
7080,3.86855680203195
7081,5.50301284169044
7082,5.80991521404865
7083,6.51627006940102
7084,8.6850816697689
7085,11.679210729984
7086,3.05477850179118
7087,4.45002964405097
7088,4.29293260878517
7089,5.91990495558776
7090,1.4219793175314
7091,9.13475895713773
7092,6.70307245461657
7093,2.84160866498575
7094,-0.649502211839502
7095,9.99727432747948
7096,11.2855127701265
7097,7.88909615556793
7098,7.80058044647226
7099,1.11370397711772
7100,4.45711468149241
7101,4.94117921167215
7102,4.1296812774861
7103,3.40967653197653
7104,11.0640810465848
7105,7.76325554756305
7106,9.5461306820863
7107,5.22349804369255
7108,3.69107509307759
7109,7.19116724245629
7110,9.31093399344346
7111,0.449460461258306
7112,6.7029964105733
7113,5.39541607407644
7114,6.43487737098961
7115,-0.0619807267950243
7116,10.5184723195392
7117,9.55077536231466
7118,4.75675578913526
7119,6.48494860146915
7120,4.73822624819533
7121,10.5089927847649
7122,6.19945191777919
7123,6.6926385924997
7124,4.91379103945612
7125,17.4551193172527
7126,6.52471686293226
7127,5.43659319065428
7128,10.7514557375839
7129,10.1756887287785
7130,7.66885557136316
7131,2.38313556880792
7132,6.15710860883575
7133,-0.226163496247485
7134,4.16992390908126
7135,5.54415122954483
7136,2.63352977948186
7137,6.18690756822505
7138,6.12994509044267
7139,11.7684828259359
7140,2.79958762370861
7141,3.49093777433794
7142,1.94041709751084
7143,4.3064853147871
7144,3.32429500396341
7145,5.20441427568513
7146,10.2583434634947
7147,14.698032882885
7148,4.1465330954456
7149,13.5859759795319
7150,1.36680101206637
7151,7.15492609290854
7152,4.93850396184934
7153,6.48313188893967
7154,2.48072767823517
7155,7.30836916586439
7156,6.3518866390178
7157,5.01018826763904
7158,7.66621421616424
7159,6.08322604156932
7160,2.3774928947955
7161,12.5296803047897
7162,7.35124807507585
7163,8.7311678551633
7164,4.25155049971926
7165,2.85778667717068
7166,6.0669302471733
7167,7.66567262514416
7168,4.92819283154635
7169,2.86978926927961
7170,4.58889375009131
7171,8.10863496243261
7172,0.589269704371997
7173,2.2126300720068
7174,1.83590669362319
7175,9.63030609975747
7176,3.16827710962971
7177,5.79276225405488
7178,13.7577486063073
7179,8.03132676479229
7180,0.844918981612024
7181,5.15712027577546
7182,15.1593550274225
7183,-0.409737526170369
7184,3.94083413721457
7185,6.85333380661532
7186,3.63844102030333
7187,5.14840728802649
7188,5.3302712611825
7189,13.168094458485
7190,4.615630227923
7191,3.72601777628281
7192,3.72137717463034
7193,-0.0436589929055398
7194,8.94282076583996
7195,13.3757026448736
7196,2.69302081078527
7197,10.9745560160486
7198,12.1461099284616
7199,11.9822482836494
7200,5.33329458146859
7201,4.7054998921863
7202,3.09207528143271
7203,11.8080533663593
7204,1.25177578280327
7205,6.3580949624874
7206,5.79607413582413
7207,3.97295106334758
7208,8.72074306056486
7209,10.8740432161322
7210,3.27737255753883
7211,4.58295610450544
7212,9.26186267922789
7213,4.57416365450221
7214,11.9174565219193
7215,4.75721518305352
7216,4.44828056890107
7217,6.59313367147192
7218,8.98849805103975
7219,-0.196735190299174
7220,5.93390216432138
7221,11.5693546774297
7222,11.8225216361682
7223,-0.658292163530176
7224,9.36927050471586
7225,5.1054589191512
7226,2.22455095912614
7227,4.81347708993217
7228,2.8705961095659
7229,-1.02775728108764
7230,1.30996629743222
7231,2.64398701341328
7232,7.6237956637084
7233,12.1845615256507
7234,2.07862428175334
7235,9.49687143268541
7236,13.4110639471197
7237,12.7522873000922
7238,7.79170790298798
7239,11.9181212088602
7240,4.52363860256472
7241,6.7786457407716
7242,2.6306575715474
7243,6.87896137208403
7244,0.261978936305457
7245,5.5394360005533
7246,4.07288690421832
7247,3.64495670229356
7248,9.49759382040133
7249,1.93458368377516
7250,2.86535070419618
7251,10.287639793209
7252,8.49070360233899
7253,9.55901683309626
7254,7.45181656907902
7255,5.23351498524819
7256,6.57785644949691
7257,6.79197939177226
7258,3.99605990467594
7259,10.3530501638801
7260,5.38193403949415
7261,3.41735797959133
7262,4.34228750604726
7263,5.25920352630452
7264,3.45208023350195
7265,7.15648468968366
7266,7.07317802583172
7267,6.31973105902091
7268,8.37508876620394
7269,3.57894412675547
7270,4.84248882725568
7271,3.26884537490076
7272,0.060927193286183
7273,4.00207346867389
7274,2.92339921771905
7275,4.32511927658425
7276,3.83216425763376
7277,19.0404817920706
7278,4.59394953738642
7279,3.79797021362804
7280,8.12681284022721
7281,5.49999366713675
7282,9.63224612504934
7283,5.70274593464069
7284,3.25886310804227
7285,7.29694923813677
7286,4.63925277082434
7287,5.9822775188043
7288,2.78765100345932
7289,1.68328384593015
7290,9.33686012055551
7291,7.60127381298506
7292,3.84446970925987
7293,1.74273062486612
7294,0.51003339787337
7295,3.73595662157464
7296,2.31597014513828
7297,10.2608791928462
7298,6.50817195877895
7299,11.7394647418603
7300,9.40604290970787
7301,9.88706477868237
7302,14.4306519093159
7303,6.63237588959451
7304,5.83712107134171
7305,5.15387042819767
7306,8.11409728510099
7307,7.96078711995792
7308,6.60261022740967
7309,3.62036663903627
7310,5.42342389311408
7311,0.445807572252981
7312,2.83220282826199
7313,4.2540507169974
7314,9.90501804619123
7315,6.05017593847162
7316,11.0004569895663
7317,3.42290537559186
7318,9.63200603871987
7319,0.498880217200366
7320,-0.564900441431311
7321,2.85445032176849
7322,9.53131791613132
7323,5.97918554897647
7324,10.5935049359171
7325,4.52874182935371
7326,6.15728016725757
7327,9.94066672595146
7328,6.90210668773922
7329,4.76809991324873
7330,2.34627411777667
7331,6.34408346475925
7332,5.44384038274869
7333,6.39985734130092
7334,7.38647772014954
7335,2.67377427558418
7336,7.36094491930827
7337,4.76188304002174
7338,5.76064844785497
7339,9.2041107925099
7340,13.7180686015494
7341,3.81583259506144
7342,2.76739505997487
7343,6.40061618791544
7344,4.18133722630207
7345,-1.37316691058577
7346,10.5306199312206
7347,4.49320131555585
7348,6.26840933739071
7349,11.1444082303589
7350,12.1498828362787
7351,2.0222705658957
7352,13.0666914320924
7353,8.28227857770736
7354,2.23492716369923
7355,9.91610408872628
7356,10.3890391011594
7357,9.3199934649543
7358,5.13433752222487
7359,1.35347570070877
7360,4.65536233066055
7361,5.69671591129924
7362,1.29363684890452
7363,4.97171154804785
7364,18.6989436017204
7365,9.49609524102832
7366,1.40020101964873
7367,6.66386827518774
7368,10.2230845099182
7369,9.26758168115663
7370,6.86523148653995
7371,12.6237729108077
7372,9.70192156552211
7373,7.49371216098974
7374,8.58695687454703
7375,8.27827454174862
7376,4.21697547546275
7377,14.484989007752
7378,5.85858508011042
7379,4.08777851427421
7380,7.67535722592466
7381,9.9155730623434
7382,8.127070745588
7383,7.36005711002613
7384,8.89942126290825
7385,6.24084984592431
7386,7.65898947391162
7387,10.6596432446073
7388,4.47120224033579
7389,6.03851238225446
7390,7.06543700277119
7391,-0.219722496684875
7392,1.8632757359812
7393,7.72746166641321
7394,10.435056565106
7395,2.187535594871
7396,0.47719598934335
7397,10.5377512552675
7398,4.67397307772202
7399,7.58777097623974
7400,5.84460013050376
7401,5.01419647107045
7402,8.5284580887505
7403,10.5131610770074
7404,5.17983892218424
7405,11.0436860092628
7406,5.53187972343464
7407,9.40431847451858
7408,9.8118749261723
7409,1.30841651252184
7410,8.6436559582523
7411,2.8596052311309
7412,6.6989052101015
7413,4.86925610463093
7414,1.36069742372619
7415,5.4674693793044
7416,4.75648892859228
7417,8.17705644649942
7418,6.69609626827676
7419,7.50998811859952
7420,3.96267116164179
7421,3.41103538910156
7422,0.925577582815415
7423,6.87146500710208
7424,7.85065428273354
7425,4.19975745754541
7426,4.25071180322801
7427,4.44584775296769
7428,-0.808137556053479
7429,2.96778477744332
7430,4.15891176731353
7431,4.04770903081996
7432,4.04869451592883
7433,2.30218564540309
7434,6.76892601142028
7435,7.28936157036213
7436,3.6671362538014
7437,16.3283535573477
7438,14.8882857381028
7439,6.02760439296203
7440,2.1377909561943
7441,4.77321560626257
7442,4.78270515420717
7443,3.33284629431363
7444,7.00025765622395
7445,3.32637128919955
7446,3.75082871371179
7447,2.50568351868514
7448,2.93940988465781
7449,10.1870132746323
7450,3.04988263563579
7451,9.30762357982947
7452,6.90158977659206
7453,2.3136944542608
7454,7.29973466265238
7455,6.29539315141049
7456,7.87733019742117
7457,7.91299723821725
7458,7.29277780306018
7459,10.8392269031615
7460,10.3237498676717
7461,5.9883878110346
7462,10.6452019580311
7463,3.09848855931238
7464,1.43113834703917
7465,3.27945869309986
7466,1.85165732148027
7467,6.07587744627236
7468,8.33967737329285
7469,9.33999568231233
7470,7.55218496094211
7471,6.39952924920938
7472,3.71971502733899
7473,5.51856272355357
7474,4.56602950817654
7475,11.9838881126167
7476,1.59374668386942
7477,6.90389911931907
7478,2.34942146505024
7479,8.65834783912669
7480,5.73821308708458
7481,9.10724321201366
7482,18.3749416849981
7483,10.1512357333288
7484,7.17549595781308
7485,3.73679698665796
7486,4.56320759182345
7487,6.25699869776603
7488,6.10975451619825
7489,9.73895624443057
7490,2.86019650218185
7491,4.03003585341652
7492,-0.382298397886711
7493,5.00143791569672
7494,5.49487031325769
7495,0.981952341344991
7496,0.202936020379644
7497,10.4292290204019
7498,6.78969746072617
7499,9.01440363589936
7500,5.91370676737231
7501,11.4189116914517
7502,8.2766256590208
7503,5.12995871855517
7504,6.75062413277071
7505,6.76654082496692
7506,4.18846177661759
7507,5.05966645930582
7508,4.09618488423187
7509,4.96520037685204
7510,10.115931453259
7511,6.69378542233011
7512,6.18362276672187
7513,2.44120078848353
7514,6.15221736347967
7515,11.6623952322468
7516,8.58482345629785
7517,3.72441521879951
7518,8.7384886052526
7519,8.17298398623757
7520,4.46405996852559
7521,4.00339080497127
7522,3.48695263024577
7523,9.13966899789236
7524,13.4297684757849
7525,10.543076951286
7526,9.78012725415608
7527,6.24309765839473
7528,3.96181769811334
7529,3.08646041185586
7530,4.30032755410168
7531,8.14379014476856
7532,3.95517286503254
7533,2.64821372871214
7534,9.44162153821251
7535,8.57111924797281
7536,9.99602421523308
7537,4.81596344938614
7538,4.31027189794628
7539,3.29932769091719
7540,6.78756540593638
7541,1.36262767371493
7542,7.11455141701578
7543,9.57525593602914
7544,5.1541392295259
7545,3.04241138738533
7546,5.81928871962062
7547,6.26919577906753
7548,9.70882084104405
7549,6.29706071989161
7550,10.1478010384176
7551,4.01055852920691
7552,5.58002768568198
7553,7.5848853919493
7554,8.7446882855252
7555,6.89905326133075
7556,2.67306734093448
7557,6.67945936428595
7558,5.99241083215749
7559,6.69776004574984
7560,6.94743470063813
7561,2.42575168505665
7562,5.41895736490154
7563,3.39773111473446
7564,9.37358503790504
7565,7.83333223596926
7566,0.345306154384586
7567,3.56864964835757
7568,4.71705210515651
7569,4.03565705486808
7570,-1.83669450253513
7571,1.70398760385878
7572,7.35519390710506
7573,6.7824306133538
7574,8.24127635501454
7575,4.478519626721
7576,12.3357408229626
7577,5.62789578273452
7578,4.12804198190819
7579,3.70240122133176
7580,15.9651641917109
7581,7.90870624248925
7582,6.65713833776323
7583,3.82882977577139
7584,4.06023318052439
7585,5.9470233824739
7586,9.03640027347031
7587,5.26165379144646
7588,11.9657992437382
7589,6.40883718212548
7590,2.97070894238067
7591,7.73310517853881
7592,7.43081725678557
7593,0.0108426780003246
7594,1.94611991803073
7595,-2.41513651694619
7596,2.68711895318764
7597,3.55973969172919
7598,-1.24396084186031
7599,6.89581772756816
7600,4.31978237835887
7601,7.7155802888737
7602,1.92863241240018
7603,8.20218085856331
7604,5.6807320476937
7605,3.87543204495053
7606,6.28306962703042
7607,7.42395815429832
7608,9.62414216989544
7609,12.551151068889
7610,6.28169782896825
7611,11.0904270294466
7612,6.04889100105244
7613,7.04064644948712
7614,9.66024763779808
7615,6.8268624021482
7616,3.63139627102843
7617,6.55051770184615
7618,3.4896196266969
7619,0.71013352799413
7620,3.07714755534186
7621,2.32231910701151
7622,11.4100098059019
7623,11.1879700755346
7624,7.23295307514099
7625,5.71764179797665
7626,7.93618503138488
7627,3.60117418673555
7628,2.74820743311818
7629,9.46578135266092
7630,6.46726309082005
7631,0.898712094189476
7632,4.00209728082773
7633,11.7058623263294
7634,5.74192525946552
7635,4.20461239621489
7636,4.89713348295095
7637,4.70378752472237
7638,1.72656958550325
7639,5.07053292639998
7640,5.4176790404282
7641,4.30799402647111
7642,11.2890789902145
7643,3.5298981914407
7644,9.91997304193404
7645,8.07258803596467
7646,12.3931851250601
7647,5.08894578637921
7648,1.88855282162362
7649,7.41658822355374
7650,10.2426118797923
7651,13.9158272768565
7652,4.78762972178731
7653,5.63918442651913
7654,5.24234332056461
7655,4.23440949234632
7656,9.24328947198769
7657,3.59735909332223
7658,11.1455548126418
7659,9.04162491450615
7660,10.109632339156
7661,-2.32421451985571
7662,2.65680123098769
7663,0.920404448591029
7664,6.12892858902562
7665,8.39694931786244
7666,9.82151049464593
7667,4.14883280107811
7668,2.76689236893443
7669,6.33586141612938
7670,4.24318748013933
7671,9.14394089501006
7672,9.31725095080878
7673,3.55787330809758
7674,7.40475053804811
7675,5.37708238496267
7676,1.98085589585623
7677,5.86549559398241
7678,9.8344777822124
7679,3.05079099478067
7680,3.98255477967557
7681,5.06104722878904
7682,2.00090984179134
7683,6.75987279554414
7684,3.18078733949597
7685,5.47778869454874
7686,14.2489335904911
7687,7.77240524536372
7688,10.3100283379322
7689,5.40599088054816
7690,8.6659061093426
7691,3.77876676387152
7692,11.2509761891363
7693,6.31663808926492
7694,6.35200981948399
7695,11.5789434677654
7696,17.8068822057373
7697,-0.853999162378031
7698,8.40865020745742
7699,4.82305881019774
7700,10.4168733813742
7701,11.6122184131452
7702,4.86649896004831
7703,4.88431311150311
7704,9.01770189534775
7705,4.03792914290399
7706,13.148416327718
7707,3.51524552426961
7708,13.7935967807455
7709,6.31059289490697
7710,5.69630541242042
7711,5.46854206848675
7712,4.99700025225708
7713,11.000138889689
7714,4.44229910034537
7715,1.43571181290626
7716,3.18440449974642
7717,7.48921889668378
7718,2.05746608830122
7719,5.81963745953533
7720,3.62337820588632
7721,2.06171420439451
7722,2.5375208062337
7723,8.53421607069802
7724,4.53562065392353
7725,2.76245748713372
7726,7.78510557661947
7727,7.38546453620188
7728,3.36093221133701
7729,11.3060647890227
7730,7.78953242219575
7731,6.31437922377522
7732,7.78583359492882
7733,1.83147380007353
7734,6.45729904435601
7735,7.85557973777965
7736,8.10745059475677
7737,12.0313123805559
7738,2.81108224505191
7739,0.952301010679956
7740,14.2445661469899
7741,12.9444609405422
7742,7.82683625321445
7743,2.9184158261881
7744,5.4916439183083
7745,3.42823666740174
7746,11.3690359121825
7747,9.67894162841572
7748,2.78317126923455
7749,14.2345153564294
7750,3.27568015732327
7751,10.8517870718185
7752,9.43906231135188
7753,10.2636890710072
7754,2.85052025170488
7755,1.90320809159614
7756,7.11530725949324
7757,4.57942455368626
7758,7.52695636904205
7759,5.15226361065645
7760,8.29228962010997
7761,5.51772063471674
7762,4.45198065511013
7763,7.33317111539515
7764,7.49545293382238
7765,7.94554596358822
7766,3.54835362526029
7767,1.42002147961533
7768,5.27080651639915
7769,10.4943926995793
7770,7.86103649399799
7771,9.02345315601886
7772,8.93237513039185
7773,7.09213097451596
7774,5.04915247008838
7775,10.6996448605644
7776,2.61880769715158
7777,6.21593648902905
7778,7.68078669528328
7779,5.26219571709357
7780,6.78622821033024
7781,6.67856343449047
7782,2.4983421515897
7783,10.1827023987338
7784,8.923519983432
7785,5.34510805927316
7786,8.2080713546939
7787,8.47086194062359
7788,15.189894627581
7789,7.64948576497124
7790,4.56331384939678
7791,8.04668139605803
7792,4.70867327809399
7793,1.55299551998695
7794,6.7084903973803
7795,4.62278536116635
7796,7.57021134925904
7797,1.85401838705208
7798,4.18378750158219
7799,14.3122159737449
7800,6.5878553623972
7801,3.02221458269893
7802,2.76889797098898
7803,0.758998072115951
7804,11.3052755666782
7805,7.29509503795316
7806,3.348139327957
7807,1.79200536968026
7808,7.87939153549148
7809,7.02042354913434
7810,12.6874126823101
7811,4.2750169788498
7812,7.84085609079808
7813,8.14743371985347
7814,2.28693998978763
7815,4.46277645427555
7816,10.935183598811
7817,3.30464260800821
7818,9.70064763521406
7819,7.76320527760382
7820,2.7913613182503
7821,11.8821842730613
7822,11.2124471170131
7823,12.6503995713506
7824,9.8834253747733
7825,4.77354786438768
7826,5.15267912729182
7827,4.44526240614555
7828,2.33297076497289
7829,5.91730853368676
7830,10.2923528391754
7831,2.41569486252532
7832,6.35117702023534
7833,5.81703153278986
7834,2.22771074243777
7835,4.18096717460573
7836,9.31022173518069
7837,2.80331238287993
7838,2.78741242345153
7839,-1.00746365898801
7840,8.9549301468019
7841,11.6595173607021
7842,9.60307561578418
7843,4.53956632604555
7844,2.09197592139126
7845,6.88093994274798
7846,6.25485916900912
7847,5.48219280730599
7848,1.21402945659022
7849,7.29683552585594
7850,4.92457322401088
7851,7.04979497792613
7852,4.58139634702116
7853,3.80118126785248
7854,9.33606273574676
7855,1.72726108656252
7856,5.65753930551209
7857,6.80031915250455
7858,0.64909949835123
7859,10.416351744381
7860,4.64135849141836
7861,5.84153374494027
7862,4.4184902239417
7863,2.77352095821017
7864,8.61446163137207
7865,3.75708289578439
7866,1.3161767137483
7867,7.59176742864941
7868,7.02560310652423
7869,8.48534917518952
7870,10.2069423868791
7871,4.21821977273762
7872,11.391400211265
7873,13.282928053832
7874,12.68602330315
7875,1.67628700532875
7876,7.81518368957871
7877,6.94327454857713
7878,7.26955873391966
7879,0.793754561345061
7880,5.71239488968907
7881,11.0836985883687
7882,5.96068598820281
7883,7.57768308672699
7884,9.06358881524279
7885,4.29118873529331
7886,4.71619058962113
7887,6.10866918556553
7888,4.78151067850095
7889,10.2343726288682
7890,6.38929887197097
7891,6.64787065685366
7892,8.15728000676974
7893,5.03397762595394
7894,5.03271741503052
7895,10.5904406166702
7896,8.06114600657005
7897,5.03265022370068
7898,3.37889944780929
7899,5.10804532318287
7900,7.28174887081856
7901,9.15081215166808
7902,8.9467077188148
7903,9.68160630948355
7904,10.9639345609862
7905,3.11837820530072
7906,7.31292463172374
7907,6.26180746500213
7908,3.51802582370104
7909,9.72608005219642
7910,10.1686153743659
7911,6.31273451276471
7912,11.7276583055117
7913,8.84305540172941
7914,5.32953274563267
7915,10.3003044672487
7916,6.69906184977884
7917,3.86331681165537
7918,13.6002049515138
7919,0.738230445025911
7920,5.31307082763008
7921,2.77034886680127
7922,-0.518500266695137
7923,5.4444851130679
7924,11.1034696310507
7925,6.78022426765744
7926,9.42235922060612
7927,6.46589629125139
7928,2.11856959620463
7929,5.07279492945177
7930,1.014983187388
7931,4.46671853403476
7932,6.0894382522129
7933,4.55606095346741
7934,6.4056687138341
7935,1.98404784966944
7936,3.81387839057032
7937,7.10170990552594
7938,4.38991049404946
7939,11.9911326328009
7940,7.55823468698108
7941,7.96801590894232
7942,8.51155339540675
7943,4.05348703791358
7944,4.51328228262122
7945,3.13891310872305
7946,9.14067858435228
7947,6.12816492152599
7948,2.75103197458818
7949,3.56645544893022
7950,2.66044826323717
7951,13.8866147061043
7952,7.10661725829714
7953,7.86485307098164
7954,5.10881709181904
7955,8.16783815033497
7956,7.91145183830575
7957,5.95205706444755
7958,8.25561977722602
7959,14.1053168381355
7960,0.825404150931075
7961,3.8737873474234
7962,13.6497997899959
7963,2.74649538420614
7964,2.57912344999926
7965,1.96366018823918
7966,8.94520670505575
7967,1.27237870967288
7968,13.084675209418
7969,4.34576584943246
7970,10.4174845779372
7971,3.34637169535164
7972,5.40313348920788
7973,6.67307298883446
7974,13.8443422144659
7975,1.9584049819692
7976,-0.492622750879407
7977,4.96638441462376
7978,6.6245535090795
7979,8.41659812452801
7980,3.98802877176754
7981,5.18721310994156
7982,4.64625084469079
7983,1.98939229430731
7984,1.92994255908948
7985,13.8531777007482
7986,4.25690390832416
7987,3.99419311975514
7988,11.4303604642817
7989,6.93982642893576
7990,8.17343818668967
7991,5.82761043922393
7992,2.30808589900212
7993,8.94983465020053
7994,5.33999050889676
7995,2.72200990145204
7996,6.66048062503292
7997,-0.271533640976928
7998,3.72718430256926
7999,7.25351326369045
8000,13.415797767472
8001,2.67080135031039
8002,4.57043019039234
8003,4.84574712408093
8004,7.03775942406916
8005,6.03877193011961
8006,5.87754578411342
8007,6.44716274402253
8008,5.43197740202507
8009,6.1433452414605
8010,4.08508851723883
8011,3.95971110935976
8012,-0.354680551403058
8013,8.64347222093135
8014,4.7341989700913
8015,1.88486343285136
8016,12.6244985708211
8017,18.1012522300409
8018,8.4548735486144
8019,7.98193382440738
8020,8.52631674859981
8021,3.56541922297822
8022,3.69681042768772
8023,6.31917253349822
8024,2.27452352784399
8025,4.0439357472476
8026,6.00765684765388
8027,5.76338676369069
8028,1.24397894075869
8029,7.429628620976
8030,5.83062977679804
8031,5.65877609455593
8032,0.518151368274987
8033,4.93156296412761
8034,9.75978995905534
8035,8.45016424824691
8036,6.027018613708
8037,1.77331959251821
8038,3.97333706437712
8039,9.86447916453224
8040,8.23779380505808
8041,15.6525261539815
8042,0.3285917715727
8043,2.57463913247388
8044,7.4942720796266
8045,12.7617221064469
8046,10.5122562131404
8047,3.78571241393186
8048,8.22193862370431
8049,3.48373043691587
8050,8.01887582178219
8051,8.30724707828644
8052,8.12843529277146
8053,1.43990553479969
8054,6.47613332610249
8055,4.09395938179386
8056,7.47171193703629
8057,2.63863610423367
8058,14.1721002595657
8059,4.69263034388078
8060,1.15325411502638
8061,4.67677006721829
8062,5.60306542897343
8063,5.03472273154146
8064,3.95449734364127
8065,12.4504838388744
8066,7.83076846724086
8067,11.7109490039506
8068,4.78730336025582
8069,4.06235195708993
8070,8.83695657121797
8071,5.95847993741918
8072,4.68825285118114
8073,10.3912215763187
8074,9.83093667083208
8075,7.02037646068702
8076,1.64532418383296
8077,1.23591162506105
8078,11.5960300309224
8079,8.75034060998594
8080,6.21461243215482
8081,7.50579158052554
8082,3.8986489637032
8083,5.63593904303225
8084,13.6485639984169
8085,8.6210254245839
8086,1.37497361287255
8087,6.68448568408015
8088,11.0040236039727
8089,2.75199079248824
8090,4.53782809272694
8091,3.39331532754598
8092,6.70544364181748
8093,5.27215145241817
8094,5.55665096189837
8095,12.637884707688
8096,8.89722014873762
8097,4.35261736421321
8098,6.98513548390781
8099,8.43412137752725
8100,3.76041036204779
8101,4.26374330014832
8102,2.60453559949368
8103,5.24940730233988
8104,5.80581210132935
8105,-0.0521333112156679
8106,4.47127106880416
8107,4.79329170636679
8108,2.31533111137376
8109,3.39741551464971
8110,4.15620534882598
8111,9.71266447133032
8112,3.18691846052627
8113,9.92019283867879
8114,5.28254825686235
8115,5.67123580123351
8116,3.85085891347537
8117,-1.05460602837215
8118,6.8177516271889
8119,7.2800061281529
8120,9.74882900298683
8121,11.7205146280061
8122,3.70928029341578
8123,3.38971736059546
8124,9.5778921556474
8125,7.12123798665036
8126,3.11984767523944
8127,13.0027788630914
8128,2.37918174663124
8129,4.98091236950139
8130,9.68232118162916
8131,-2.80482577227981
8132,12.2090350000994
8133,6.53494959573462
8134,2.16321680585018
8135,5.299983811328
8136,18.8644429198055
8137,13.9798986023086
8138,2.18994857466665
8139,3.70573867765311
8140,4.64871089189519
8141,3.50965198313862
8142,2.79940299355483
8143,4.08763404958806
8144,6.93972209217513
8145,10.6522956991513
8146,7.54243094933053
8147,14.3155730471083
8148,5.86982696578236
8149,6.27180709925533
8150,9.70535344302548
8151,2.36577551826415
8152,8.25556708812928
8153,4.9263495862046
8154,5.03961019719269
8155,14.7494358201856
8156,6.52935462131354
8157,9.12864424314191
8158,7.49767635925943
8159,2.76794315095591
8160,13.382859480997
8161,5.22508706145712
8162,4.83652913787218
8163,6.33712040705354
8164,5.97222026257719
8165,2.32428222788383
8166,3.86321026071027
8167,13.092590017833
8168,7.6133945019871
8169,6.32028565160102
8170,4.27012154130174
8171,15.2472144907292
8172,0.870156217348121
8173,3.94128441386586
8174,2.79130922957002
8175,3.22946754913611
8176,7.98241858240791
8177,9.317488491792
8178,10.848639248878
8179,6.07919594029916
8180,10.3015933734442
8181,4.63542823461991
8182,5.84805581867214
8183,8.87777822608956
8184,7.90807239450998
8185,4.79473286599997
8186,13.5644238985018
8187,9.10782417799866
8188,8.74249619492547
8189,3.10733382205814
8190,2.62353958688891
8191,16.8101459154003
8192,4.84935499288984
8193,9.76785325609764
8194,2.83105367575397
8195,9.17613816958624
8196,3.43893571612501
8197,5.39601301355224
8198,6.93812110656345
8199,6.37786208429381
8200,7.30864319111922
8201,7.21546242818935
8202,8.76465478502321
8203,4.08268464735901
8204,11.1311604949362
8205,3.96899061071583
8206,3.13247636559264
8207,2.31028009926935
8208,3.11467597568243
8209,4.02671544753092
8210,2.1868665739589
8211,8.21016455277903
8212,8.7096905626029
8213,14.1750782953746
8214,10.2135929665066
8215,8.29120223552156
8216,6.6915798898855
8217,6.48840827713467
8218,4.07445576947726
8219,8.62283941730228
8220,10.728482914654
8221,6.27792223000833
8222,5.67813109135932
8223,2.55844639962737
8224,1.80265695491393
8225,3.38399995214865
8226,2.24623373358829
8227,8.95511274606331
8228,9.93119717606309
8229,8.15705985375134
8230,4.04971288015371
8231,3.32599264690691
8232,12.2753008476217
8233,7.3151639036168
8234,6.73763122971134
8235,8.61880676556192
8236,4.69280486239199
8237,5.0863605533328
8238,6.77322452385581
8239,13.1761146569223
8240,3.84302354891683
8241,2.46282950791147
8242,5.51976943932548
8243,6.83014412755945
8244,5.5071080478952
8245,2.65123225071249
8246,7.68607090539756
8247,3.30794069272373
8248,13.6747559688353
8249,3.05265759199435
8250,7.00998805505133
8251,7.3895017352691
8252,1.7282814856235
8253,4.67784747489436
8254,7.95518624466825
8255,4.85133233735752
8256,4.36331702482658
8257,5.88823319087911
8258,8.56576618221542
8259,12.5054946008352
8260,9.64434456324931
8261,11.300883994378
8262,11.2766262590694
8263,8.65735052278187
8264,6.02101114488796
8265,9.93075532324775
8266,7.05761885377968
8267,6.65830378078541
8268,1.94639897034422
8269,6.44111197164027
8270,5.00700270957331
8271,9.24105923099994
8272,8.12148530351496
8273,11.3096382511374
8274,1.66816272352142
8275,4.95641360680071
8276,5.32100218716653
8277,7.63603812064715
8278,3.87874085099253
8279,4.73632136230843
8280,4.9056683385018
8281,1.1190584163203
8282,5.00375598774747
8283,6.90234678127681
8284,6.3853138389398
8285,9.75958063875882
8286,12.6593473651712
8287,5.83944923798727
8288,17.526868689015
8289,4.38572085241156
8290,5.56171021163611
8291,5.84811208927437
8292,3.46963188829591
8293,3.73024362091345
8294,6.94299950170597
8295,4.45504599991715
8296,8.48452161810273
8297,5.32755656335243
8298,6.53169314847363
8299,3.58521520338768
8300,5.9317674505862
8301,4.57523720821643
8302,4.50884691650344
8303,7.35775448378747
8304,9.69769246012648
8305,3.04650226554871
8306,7.14311768190756
8307,-1.54836210343348
8308,4.62045361821809
8309,8.49558925111655
8310,5.70425640138062
8311,3.8843960143345
8312,2.84215766064804
8313,6.72042507725934
8314,14.4570580267346
8315,3.81425016716184
8316,4.67510940852135
8317,3.73773323423968
8318,2.18693039548559
8319,4.76601033733189
8320,4.33205740607038
8321,6.22568244494859
8322,9.08125745608308
8323,2.28125199401272
8324,5.39805835753243
8325,8.48068198418783
8326,8.5663399006872
8327,12.0868134901589
8328,6.03417858243225
8329,6.57319482734275
8330,-2.44788100702861
8331,6.25453498801535
8332,3.19250111008645
8333,3.33450018320661
8334,6.41469876437701
8335,7.1631179641348
8336,6.78878625502141
8337,0.983616679944689
8338,3.75254042670119
8339,2.87181610967666
8340,14.6867612105492
8341,11.4122146103271
8342,4.90478461597304
8343,5.84265006076258
8344,4.24548933165923
8345,3.24145422827301
8346,1.25244941937298
8347,7.07796686559947
8348,4.60265694015337
8349,2.30896033620964
8350,6.04949535306567
8351,6.98760714417924
8352,4.04617248755182
8353,6.46126431335508
8354,5.1922166997391
8355,6.92657279081863
8356,10.0546419496748
8357,6.1689732762492
8358,1.70149339090307
8359,5.61397149917314
8360,1.1478356007933
8361,7.72318323094555
8362,9.27985507365593
8363,10.3828304313369
8364,8.78762415548293
8365,16.7040063571716
8366,1.56104613857863
8367,3.98637011308803
8368,4.67278910742651
8369,7.57520864468168
8370,9.78301163067563
8371,7.71726369866405
8372,8.73176872018435
8373,2.41355402205141
8374,4.66707520271931
8375,5.06378835187395
8376,9.92621417400453
8377,11.8686114237333
8378,8.29730734468666
8379,3.98414077745185
8380,2.80366641097172
8381,8.28700495232323
8382,2.49526993392645
8383,6.20428610957139
8384,7.83299775630291
8385,4.70423734747365
8386,11.0944847154742
8387,8.99309906158024
8388,4.3244517339883
8389,4.62443335628173
8390,3.71768388440982
8391,10.5856635113043
8392,11.4190499325277
8393,6.89785234599084
8394,3.1570639429896
8395,7.07322593403853
8396,5.62846871323807
8397,9.82766730097009
8398,4.7467690625384
8399,3.17401443861262
8400,6.23993190291885
8401,1.5649754191559
8402,9.01762879247949
8403,1.8918507211737
8404,3.58708541753616
8405,4.55495842024455
8406,8.71191467109666
8407,6.94950574606177
8408,4.12465119170113
8409,8.69239998290669
8410,11.1477106462155
8411,5.92889090790577
8412,2.52805480702906
8413,2.73613926889153
8414,8.08657466978381
8415,15.0117595768454
8416,5.25021206857079
8417,17.1404960253844
8418,2.43385562201374
8419,7.63007624891406
8420,3.88307196715634
8421,6.9357924354619
8422,3.50540242926033
8423,6.12578048487612
8424,8.03693213546251
8425,3.47166933887819
8426,4.72362752561054
8427,5.34526054582654
8428,-1.89443181063106
8429,8.54208607008213
8430,8.37743522897108
8431,10.8238549223256
8432,3.68655833994762
8433,0.670098523200364
8434,3.44897862219121
8435,8.21593665394583
8436,6.10614401566406
8437,15.251568906069
8438,2.8452376047118
8439,5.9666105921309
8440,5.17546100774033
8441,2.08085196502957
8442,3.25409783358679
8443,7.9405903420488
8444,11.50565151479
8445,4.84148393201128
8446,3.4913719492602
8447,0.75799170665745
8448,7.82883932280313
8449,8.90680142675015
8450,16.3049856032194
8451,2.99051026510225
8452,12.2767926748037
8453,4.82478908652866
8454,4.39026528720736
8455,4.21971565487349
8456,2.20081042887031
8457,9.35172159813377
8458,5.88817297256749
8459,6.912704888968
8460,4.01294869664018
8461,4.24322845235702
8462,9.93579585657564
8463,2.87651035346984
8464,2.11877115745932
8465,3.05062919513446
8466,-2.25925474505742
8467,9.00942910203864
8468,5.40845116155466
8469,2.58636466033782
8470,4.27356127404327
8471,1.86750489222989
8472,8.48685753941373
8473,8.8014223136052
8474,7.57302889482462
8475,2.7136245319953
8476,5.68057550636654
8477,9.09709243383423
8478,6.14339930713526
8479,8.21907113674247
8480,7.3799299093571
8481,8.81829436519466
8482,5.02168533251195
8483,3.60816914561046
8484,3.90623303561639
8485,8.62719030992029
8486,4.10678045432126
8487,2.06081850678905
8488,5.70188060079532
8489,5.10233541414714
8490,5.86404866651367
8491,3.33523175159942
8492,15.880949420258
8493,8.64270702687234
8494,8.08912821500406
8495,8.46519732464486
8496,8.88163341982735
8497,9.17210895375806
8498,4.75474471407437
8499,2.83398167490223
8500,5.77103740548536
8501,4.64794045235028
8502,14.7905959978502
8503,6.04960954697502
8504,7.0960428989828
8505,8.00493687832489
8506,7.94778880321519
8507,12.4284239889399
8508,3.23568950482487
8509,9.39871229445291
8510,5.25638385568259
8511,15.6494306193937
8512,8.01384605813773
8513,9.18607430428993
8514,5.91788137412156
8515,1.02583986011573
8516,9.98680763374637
8517,5.35436704827039
8518,1.72651573782413
8519,5.49847743948716
8520,3.70213856516751
8521,5.60417201252809
8522,9.48541511618914
8523,7.63528441509551
8524,4.18761697075997
8525,2.34197286594699
8526,2.78951676773195
8527,2.70457648473375
8528,6.59649840945651
8529,2.57496766925252
8530,2.85712223213818
8531,6.93910158038126
8532,-0.00644533478883957
8533,10.6612437502028
8534,7.33436343549741
8535,14.4888620251372
8536,7.51880781876349
8537,-0.146610297120487
8538,7.1548918442009
8539,4.0495962412205
8540,4.79517504186428
8541,6.08206192956142
8542,11.2390810086077
8543,8.92941487568477
8544,7.96199526413714
8545,4.7121546916843
8546,6.46626272912884
8547,1.96738090669958
8548,7.01838718736312
8549,6.48143894513128
8550,1.72567699515543
8551,3.65899008267248
8552,8.58593482500024
8553,3.67096645376971
8554,9.89458951652479
8555,3.2446596480893
8556,3.90461669703897
8557,8.59080497016072
8558,0.121498984709776
8559,7.39896498077307
8560,4.07692800556302
8561,6.53049394214948
8562,3.37339563479034
8563,3.42745655541342
8564,4.48243454435078
8565,3.74059087616278
8566,7.19912490239764
8567,7.15227458477136
8568,4.41898759687944
8569,6.73650100046819
8570,14.3352089586772
8571,4.58335766549385
8572,4.9074324526924
8573,5.55854788065054
8574,7.75243738894971
8575,10.969191637387
8576,5.54078556802194
8577,3.07107081398192
8578,10.1855187908692
8579,6.62154156334214
8580,4.65862332151958
8581,3.61150583567639
8582,16.9451147484822
8583,8.17036271712559
8584,3.44990236782453
8585,10.0416473962997
8586,13.223461585283
8587,8.80455639553209
8588,3.3376960609741
8589,5.47473536576196
8590,2.66405706411949
8591,6.31059664364798
8592,8.48334839984674
8593,6.52586059300853
8594,12.2991356070238
8595,5.3638925314274
8596,5.05388193229983
8597,5.03258393211157
8598,1.28205590698797
8599,6.59370605562293
8600,8.22042109462516
8601,5.50690355531504
8602,12.6910016850375
8603,6.79384319844822
8604,4.30712481115429
8605,6.69399665881094
8606,5.69194233568473
8607,17.1252201215897
8608,5.90758638394876
8609,7.65597775206116
8610,0.288665043950505
8611,1.99413439954423
8612,4.93771791867997
8613,5.62693082377584
8614,15.4786042212515
8615,4.72141195339838
8616,4.1386607080503
8617,2.49958620582141
8618,1.52219111794438
8619,6.07965304575259
8620,3.26226396357677
8621,6.2208649058305
8622,5.23088649067011
8623,5.34183543260557
8624,6.45552919606148
8625,3.01736442325765
8626,9.78631759529445
8627,0.728859530658052
8628,4.53617192494093
8629,4.0701255914645
8630,5.88536500405524
8631,4.55770935750896
8632,11.6547513918168
8633,10.4065865636349
8634,1.73678206879057
8635,1.05246610767267
8636,5.21135525844602
8637,1.28756851299402
8638,6.43495663565721
8639,6.16831870549779
8640,3.95999178089814
8641,3.35466039650325
8642,8.3321191778894
8643,7.00217764045652
8644,4.6676959901825
8645,13.2812742532072
8646,9.85952489131737
8647,3.1141873072851
8648,10.4295803650507
8649,6.86690776942451
8650,10.7057246485531
8651,5.11672316282424
8652,3.30510573977541
8653,0.153936497430031
8654,4.75551115606078
8655,3.85138049740584
8656,3.55578782447464
8657,11.5308651848128
8658,3.36124589726268
8659,4.55140797854119
8660,4.70431039179359
8661,2.08933262795518
8662,3.02656449982438
8663,5.79296819003176
8664,6.85420239996376
8665,4.84738043603034
8666,6.43008623941302
8667,3.85209525139303
8668,7.34160725375687
8669,6.32107521549238
8670,5.77485967509786
8671,5.04250224166899
8672,15.3250108618622
8673,10.0643697895246
8674,11.8926026797878
8675,2.55056738139726
8676,6.55216021594146
8677,9.91732109124225
8678,5.96756882113181
8679,4.47814665361417
8680,9.83644855115951
8681,1.96203704852316
8682,0.893859160090881
8683,4.87986512545959
8684,3.72043964656688
8685,9.87163294349969
8686,8.07709373211832
8687,5.835556578899
8688,10.7760946793295
8689,1.91242049070988
8690,3.3202702521887
8691,13.2264479556684
8692,5.53806092648785
8693,5.90083035988029
8694,6.01909296618183
8695,9.43191630295143
8696,13.2919013286942
8697,1.49697697369396
8698,2.09488401909833
8699,5.00959871829397
8700,4.35417476853994
8701,0.098415975472113
8702,3.64078673564568
8703,6.97969663376498
8704,7.63906830403004
8705,5.18501469506851
8706,12.8791944631284
8707,7.98019322180263
8708,8.66717177419651
8709,7.61510043896817
8710,-0.296161399496929
8711,9.82535150456027
8712,8.84354395828433
8713,9.05938349813043
8714,2.10345110342543
8715,1.78902536542742
8716,9.74709326897905
8717,-1.09327987185504
8718,6.76081782724692
8719,1.14825889923302
8720,15.3931210184582
8721,8.55622688288473
8722,3.08598600280544
8723,9.88976383013403
8724,4.02234493524473
8725,7.19129836796057
8726,3.21800103932088
8727,9.6789604813221
8728,2.33118610157245
8729,9.71121917218266
8730,8.94311746253997
8731,10.3031961525688
8732,5.82449297618818
8733,-1.20039772129886
8734,9.82917387082543
8735,1.01767496883607
8736,5.70526069435099
8737,15.6259319808182
8738,10.9690384778166
8739,5.3317198614062
8740,5.82680643579381
8741,2.38384048779225
8742,6.17712692310873
8743,12.2363082087348
8744,10.9226245780035
8745,1.97962207634774
8746,4.42348453123363
8747,6.84045560236766
8748,2.22397903095787
8749,11.10043762853
8750,9.0862876975825
8751,12.4759973065048
8752,4.21752960398372
8753,4.61252047461633
8754,3.54684961499685
8755,8.42336357538434
8756,8.61429017107457
8757,2.34021708123575
8758,6.2666128110431
8759,4.97073759177802
8760,2.64696973457345
8761,4.15764606318604
8762,2.0686725755342
8763,4.3803625609278
8764,1.97053139786743
8765,4.89080618752826
8766,10.424083244767
8767,3.10059601533278
8768,9.17709361459598
8769,14.1822952253027
8770,4.43850503832693
8771,4.82384071030781
8772,5.20555438354273
8773,11.5916009418084
8774,2.08496995206953
8775,6.00539758350509
8776,6.62704608427502
8777,10.7508841890231
8778,7.70175939250488
8779,11.3454978796901
8780,4.78799099078831
8781,11.5534681180601
8782,3.10721994104716
8783,11.5915924710132
8784,4.26718687854533
8785,2.55507220885147
8786,4.78381120608983
8787,3.09659170331992
8788,7.07039782392741
8789,13.0469310853181
8790,0.0235415145978042
8791,4.52762739706355
8792,10.0324970809494
8793,7.36454949590869
8794,3.64411086234897
8795,6.33366663787366
8796,4.51077732641793
8797,4.39145239642899
8798,0.354607633104917
8799,4.27184539866385
8800,8.53075597481327
8801,5.45966528261737
8802,1.1394712258772
8803,2.95500587336094
8804,9.35172491175639
8805,3.97997253388565
8806,-5.68663977564354
8807,8.29105368826592
8808,13.5877104322265
8809,7.27260124655407
8810,5.63343515105571
8811,7.93246525647674
8812,4.72569439818711
8813,3.47824234808139
8814,4.55489664716157
8815,8.35179590099673
8816,1.82242941719213
8817,3.78545618494335
8818,6.72438182243914
8819,8.3286786977262
8820,5.97671764654363
8821,2.72808407854272
8822,6.77225306477476
8823,5.98960123554214
8824,6.11860901459975
8825,3.91454811349854
8826,4.69466945863135
8827,4.97144382955519
8828,7.24669040034298
8829,4.38901052543752
8830,4.85274356821496
8831,5.85152805202778
8832,8.06835270710657
8833,5.96925156128434
8834,5.64284567143279
8835,7.00715803040166
8836,5.88394425775804
8837,4.19400554472403
8838,10.6570371119587
8839,5.30017701364318
8840,4.2735184523707
8841,5.70695249120681
8842,5.2112351385783
8843,2.32497648132235
8844,14.7002211883062
8845,5.4653519484137
8846,6.29847418186732
8847,1.63126700998752
8848,15.6469955219777
8849,3.5859186262022
8850,1.85738723572541
8851,7.82701595736265
8852,12.0766972205834
8853,2.89746734727608
8854,11.2614913586729
8855,9.26299964025036
8856,8.41821717811529
8857,8.60597826102603
8858,10.4712779366013
8859,3.96389703620829
8860,10.6417258463419
8861,4.28153713596872
8862,3.64518790745191
8863,7.77925769079163
8864,5.46847675391318
8865,1.62262746292204
8866,9.54069093816292
8867,5.04156350508162
8868,4.92149444666327
8869,1.74791736273081
8870,9.04671191060376
8871,1.66478641398454
8872,6.93460564279212
8873,4.31557283363903
8874,0.690904129172897
8875,2.68551488494296
8876,3.09888774794338
8877,4.42206239310246
8878,6.09529342867299
8879,12.9981380863863
8880,5.59641420949142
8881,3.33735911543996
8882,15.3340360025615
8883,4.77021749960111
8884,4.25019813678428
8885,9.86719018507151
8886,6.55562802462677
8887,4.25667400489344
8888,9.71174455230038
8889,3.48617917737962
8890,1.44559735743548
8891,6.88065470687144
8892,5.02109751486013
8893,8.02855980341421
8894,7.94631015389689
8895,5.0109402580945
8896,7.10097098422097
8897,5.15392706434322
8898,1.57095659418641
8899,5.112188822279
8900,6.65234538310815
8901,6.97255864082664
8902,6.59677721974918
8903,10.0566761205486
8904,7.38071345668008
8905,5.5571850786312
8906,15.1487775658027
8907,8.30097982521401
8908,1.28234081337366
8909,7.14354941687778
8910,10.4745249755402
8911,8.64598138597758
8912,3.65909263272019
8913,5.72809993256687
8914,8.28229945369367
8915,2.36452157940225
8916,4.97494343421456
8917,3.38988879990404
8918,1.68926696946263
8919,6.48346313239892
8920,13.9907582571402
8921,0.73269367202208
8922,11.7597034356226
8923,5.00678319470136
8924,7.37592294157047
8925,6.13835143916983
8926,5.04377294952859
8927,4.43236837184946
8928,6.01731978027225
8929,5.95372183046257
8930,7.66871552139322
8931,6.41508729767378
8932,7.463785293876
8933,3.34148709277446
8934,10.7283199314814
8935,2.89278924245974
8936,1.40440738255018
8937,5.75475967715263
8938,0.964364527628035
8939,8.34309625882707
8940,14.5183461580631
8941,7.74426525627336
8942,11.3518191371971
8943,3.54268996843834
8944,1.99414479459214
8945,3.59539630577617
8946,7.43494014989071
8947,9.81612565176373
8948,5.46943529036109
8949,3.85504256883929
8950,6.90746282272559
8951,2.9222096558709
8952,2.13922878972556
8953,2.90987421841356
8954,3.36739974229814
8955,6.13387770594149
8956,3.42979535487162
8957,5.74792409949063
8958,7.94253140095537
8959,4.48188039726758
8960,13.1727842376
8961,15.8112757998154
8962,4.3075940529898
8963,4.2889624459095
8964,-9.81322771922285
8965,6.28249493377667
8966,3.53624820908738
8967,1.80758991482748
8968,4.0425893579046
8969,2.36711730752871
8970,6.92712355656795
8971,7.74364625017041
8972,5.22000850768858
8973,4.97076544347114
8974,6.2569548404839
8975,6.47155443613575
8976,1.85438449955459
8977,6.91959100990832
8978,2.06995208825622
8979,12.271614431519
8980,1.68996232198108
8981,5.65811122437581
8982,5.11643342425867
8983,10.2083912378491
8984,6.21089130728791
8985,6.41578310748809
8986,6.73656640309652
8987,7.96536047100521
8988,7.65242048057207
8989,4.90712964336637
8990,11.0616696458753
8991,7.98614964593414
8992,8.6993941267571
8993,4.88818970205243
8994,3.21131692356961
8995,3.67740817561498
8996,13.2180392268312
8997,7.62927046785943
8998,1.90636097344563
8999,1.34987625410816
9000,6.19105335371608
9001,4.87697984610907
9002,6.66476373366789
9003,0.809898892336108
9004,10.4929942393346
9005,3.85423630324662
9006,10.6928666017898
9007,7.31613619121781
9008,9.81081492473556
9009,11.6343278038174
9010,10.8765639693791
9011,9.36215605062806
9012,2.13481489059146
9013,2.59716812323315
9014,2.53915759580444
9015,3.86754598651001
9016,-0.282470050007342
9017,6.93544533460388
9018,0.974377333682298
9019,7.20781379561288
9020,10.6575314694412
9021,2.65142014645983
9022,7.28210811531211
9023,7.59869116119453
9024,2.61574060666674
9025,7.71190907761482
9026,3.19760843098252
9027,4.69182402996279
9028,-0.797761374265965
9029,6.23456592286957
9030,5.10699034974018
9031,10.5749225050084
9032,5.22246041277321
9033,7.15303819023788
9034,0.493402758015135
9035,4.14921076916696
9036,7.59150755180626
9037,5.38905806788009
9038,2.06452760461775
9039,1.92114232946892
9040,7.46885657334417
9041,13.6075421654053
9042,10.907194055457
9043,11.0474724818962
9044,6.59946724444366
9045,11.0662795830195
9046,7.42816824641682
9047,4.78873909548561
9048,1.3041508622756
9049,2.33454554263647
9050,5.12121821541349
9051,6.08322215026874
9052,4.27427743778917
9053,2.97124093105858
9054,14.5517752571339
9055,11.0448792143069
9056,4.7395015678101
9057,1.94601145127123
9058,5.45260318668341
9059,7.50691243087246
9060,7.27249599242435
9061,8.87353910352347
9062,3.0697536329679
9063,10.1933445621689
9064,9.61926437437825
9065,8.56360940913332
9066,4.22159928935156
9067,5.74416672521878
9068,5.74386033950586
9069,2.12714065824217
9070,7.59752517243788
9071,3.59146931300318
9072,13.0792267432647
9073,0.216930713349448
9074,4.67256756684112
9075,3.52542129063019
9076,1.52449566388729
9077,3.48213294137279
9078,8.14693586891331
9079,3.14839721857545
9080,2.9099333530543
9081,4.48688591992364
9082,13.8013618721747
9083,6.45062758499239
9084,5.32380930135564
9085,7.15775614061471
9086,8.65172434531989
9087,4.42761511406328
9088,7.03215130783934
9089,6.86016309248034
9090,13.7431047885038
9091,4.62992429920208
9092,7.72794887285162
9093,5.10541737231362
9094,5.81508188308465
9095,8.34682421037932
9096,8.35647438318808
9097,5.60483748392233
9098,3.30519546319997
9099,7.16112192266162
9100,7.17731488534967
9101,7.01244261350665
9102,7.71103210384274
9103,5.3604488694205
9104,13.0883352988515
9105,3.47599753774681
9106,5.34672590375334
9107,3.54645279367367
9108,10.1964499184476
9109,12.6332383140844
9110,7.07343823779587
9111,8.93225278245427
9112,13.0899981834871
9113,5.40417079029212
9114,7.47786439857514
9115,6.24769889264349
9116,6.54290793525596
9117,2.53950630308428
9118,15.0642191960503
9119,3.89625579502999
9120,4.00103636443919
9121,10.1303441717184
9122,11.7238499532124
9123,1.11620106658564
9124,2.49609871332777
9125,3.00662226354691
9126,9.8162750733326
9127,7.24481259339521
9128,7.9294215469265
9129,5.06718299711192
9130,0.749945592584808
9131,7.28834947199575
9132,5.51186272343765
9133,6.43698630758776
9134,2.04360979533338
9135,1.83354624820533
9136,9.41665822368255
9137,3.36305857195084
9138,11.1930821687653
9139,2.31492991005415
9140,9.07590334990156
9141,5.66105376914754
9142,10.8613126056693
9143,4.23654937834794
9144,1.22127614739746
9145,6.61531136771021
9146,7.39646582964651
9147,2.83350262889869
9148,6.2149270271477
9149,4.51284863567258
9150,3.6835525782818
9151,10.3848388156606
9152,9.07055884990793
9153,1.20476474415454
9154,2.47094463583645
9155,10.016587101696
9156,8.85867053315372
9157,2.53226313214336
9158,6.97145457794911
9159,8.64482529237921
9160,5.49947108013706
9161,7.04623540618736
9162,8.16923171037123
9163,2.95411363512996
9164,2.19839716393587
9165,4.65306298533284
9166,2.15610395799077
9167,5.76643324644521
9168,2.69413221321001
9169,2.83048200194619
9170,5.66661649475383
9171,8.40225720000048
9172,6.70404362927944
9173,4.60076542527797
9174,5.19309795396352
9175,11.3073787947537
9176,8.36660571893965
9177,5.99845152155469
9178,3.62939658593723
9179,5.8163113763851
9180,2.38754407365187
9181,1.05536914565514
9182,8.16348047899045
9183,9.62615069386539
9184,8.42223807175612
9185,6.10791788265529
9186,5.44585552005555
9187,7.65313605012213
9188,3.39952053257583
9189,4.68254418064094
9190,9.15691120980531
9191,7.53261346387811
9192,6.93951517690383
9193,5.67345042718245
9194,5.04924759495039
9195,9.95367959263505
9196,7.08076515019906
9197,8.35142011169637
9198,5.64548794251429
9199,5.08469317097606
9200,0.335520088581658
9201,6.37496657350765
9202,13.3987786258489
9203,7.97372482076014
9204,8.90351622669949
9205,1.94976992821443
9206,10.3709015540967
9207,14.6043839851839
9208,16.1036227899768
9209,1.47543067931791
9210,11.0427086027879
9211,5.97484771678467
9212,8.60080882934322
9213,4.10268483712924
9214,7.15604448906849
9215,5.9153590869357
9216,2.39343990980144
9217,7.88611183902205
9218,5.26259388328231
9219,4.74573285559068
9220,15.0177447257513
9221,8.94711756522626
9222,4.63637707405776
9223,7.25193986563351
9224,7.47464487603564
9225,7.47568230170955
9226,6.28164471721487
9227,16.1084891601235
9228,3.56139733053362
9229,5.11870857777443
9230,4.9560624176499
9231,1.06867529448084
9232,4.44775346577299
9233,7.3279306425122
9234,4.96639226539981
9235,9.12742147437757
9236,8.17217953729257
9237,7.56690103902403
9238,-0.64392171230692
9239,0.581331289442343
9240,6.52934343469182
9241,5.46612268918112
9242,5.69279646168753
9243,4.38455586709194
9244,3.93133286144749
9245,7.85380246189371
9246,5.27811355500297
9247,5.55423790353772
9248,9.59361599892868
9249,2.25754749774234
9250,7.49163937490721
9251,6.46728013757369
9252,5.50079454825097
9253,10.6415709928896
9254,5.73409239616175
9255,12.1669513703829
9256,0.341277884920844
9257,9.86330430607717
9258,5.09408812693605
9259,9.17470387190084
9260,1.37521436803999
9261,6.89610603615315
9262,10.6342266962297
9263,1.5818214904342
9264,2.70713241232649
9265,13.9238996569877
9266,2.89013853729202
9267,-0.0894097157135381
9268,13.0362145094092
9269,10.6563951805012
9270,4.77736390754266
9271,1.32977024220027
9272,9.3043735792844
9273,7.27603333844857
9274,3.61548756396721
9275,3.06639214472347
9276,3.55787460150512
9277,3.67326189367511
9278,5.84246312215397
9279,3.99978043584485
9280,10.417695319592
9281,3.03214577304881
9282,8.41048207363566
9283,4.74836389411805
9284,4.67865160701126
9285,10.3562678070438
9286,4.61381533833334
9287,2.38346497039456
9288,10.0453198716496
9289,16.6788721005634
9290,9.27311337542107
9291,3.34082213981294
9292,2.63298059236805
9293,5.79270367342562
9294,5.74216938952305
9295,4.79793920319312
9296,7.5177003662478
9297,0.906132090168383
9298,6.55058496683661
9299,7.44738370482144
9300,11.894471213082
9301,15.265701195814
9302,6.62418435261624
9303,8.94898357296191
9304,10.312835352681
9305,4.71493960077471
9306,1.862507664719
9307,4.22628110329211
9308,5.71493401074329
9309,2.5604566924824
9310,8.10675224791608
9311,2.31204066458962
9312,6.9129718350185
9313,8.85987855189805
9314,6.59460249518844
9315,9.17202380802076
9316,11.1462208110567
9317,6.49619749522155
9318,2.28981354250577
9319,5.19326923174047
9320,10.2527128550822
9321,5.04514495780662
9322,3.62724145625538
9323,19.0106965151777
9324,-1.18248527305757
9325,3.55608920877007
9326,1.59193250859215
9327,2.88387922944757
9328,1.99142214198121
9329,6.28907539029294
9330,-0.0583247209253042
9331,9.20182379623605
9332,7.63314329257
9333,5.64014340485662
9334,11.003329250762
9335,7.57758492281419
9336,8.76049152647876
9337,8.56288521722726
9338,2.87352522964924
9339,4.13541741722743
9340,9.40954927185513
9341,3.84130879666712
9342,6.38815151466821
9343,4.30625995230548
9344,2.77682424847566
9345,7.27322122115574
9346,4.82252100004262
9347,3.84089266437009
9348,6.09226234482447
9349,4.59350811987663
9350,2.20035528753196
9351,9.20794276330315
9352,8.56345883047431
9353,7.79595082303167
9354,3.48890156841679
9355,13.0787570010219
9356,5.6764205213995
9357,12.3005852795624
9358,1.0858765635574
9359,6.09782415340674
9360,1.95238208133841
9361,7.84720729805779
9362,5.30516972716284
9363,16.9943822125177
9364,9.86907896147555
9365,1.856701568352
9366,12.9772951514335
9367,0.872072703298266
9368,8.73461515232
9369,2.92313151910361
9370,7.80628773908867
9371,5.88654978662557
9372,3.02233915196361
9373,0.775924583445445
9374,3.21605910216303
9375,7.49205627526976
9376,5.23383203570708
9377,7.01093538330781
9378,11.4222143613267
9379,8.79071332508864
9380,3.38714887978131
9381,4.5699478479844
9382,4.28792047262761
9383,5.02523632368215
9384,11.9866976547241
9385,2.17105140001077
9386,5.86840937455998
9387,3.60054073346553
9388,8.47528166075969
9389,9.54779471495651
9390,4.02565486986264
9391,7.68453688487327
9392,5.30996220820175
9393,3.3298694876238
9394,2.57262942896346
9395,2.63346746478252
9396,15.0522268551198
9397,13.4099790415728
9398,4.73666849807734
9399,16.1713059970572
9400,5.63168043045708
9401,3.22827739099474
9402,7.69872709827509
9403,11.2777000877648
9404,7.81529342984394
9405,2.31924026489643
9406,2.37092010362047
9407,10.3259164257706
9408,6.77573813801656
9409,7.24289289473487
9410,8.99566007460676
9411,10.1883507084771
9412,9.23201887374063
9413,3.43422769777197
9414,7.25059653686289
9415,3.66549244129012
9416,15.7813043814308
9417,5.10806006711414
9418,12.6972073797406
9419,8.85384650994814
9420,21.8053868314271
9421,10.8489919754307
9422,6.54283537898396
9423,9.70519217474899
9424,3.96001357222929
9425,4.19139792587215
9426,6.18687529232392
9427,7.59453350476074
9428,10.3237961144117
9429,4.55057973754712
9430,7.24051715140449
9431,8.79589546023902
9432,6.78859066122901
9433,7.05144413610363
9434,5.81620433124679
9435,2.21872537717886
9436,9.06064483864045
9437,7.17889515767213
9438,10.6616481829851
9439,12.4664385097185
9440,11.177289667625
9441,5.26401034190458
9442,4.23069696320497
9443,10.6322944864839
9444,2.73023388073159
9445,6.7391440790721
9446,1.71639373806931
9447,4.92286079310692
9448,5.21976280044855
9449,10.0320838179911
9450,7.35274502157701
9451,6.36325692679942
9452,15.9663637694137
9453,1.54103118157103
9454,9.57440060407652
9455,7.73183495600129
9456,2.68986152143956
9457,6.32644288920623
9458,-0.089356999787892
9459,12.1193788790345
9460,3.42803881921808
9461,5.34093238131858
9462,7.06899302794136
9463,11.2131838168538
9464,6.17015018472218
9465,8.6682642996908
9466,9.95774547061637
9467,5.67071992209474
9468,9.24654376581744
9469,3.79502621901447
9470,2.07320579666306
9471,7.88170986083926
9472,9.21743610065903
9473,3.6626659490395
9474,11.3349385251457
9475,3.97620192880528
9476,2.86781430379247
9477,9.2770180316779
9478,7.17008393776189
9479,11.2016828616244
9480,6.06825203623851
9481,6.54613972370202
9482,4.57217585891681
9483,3.28556567275337
9484,1.32167754942548
9485,7.43889822732081
9486,6.14885754149629
9487,3.55496972041172
9488,3.77628674173983
9489,7.6120309902967
9490,3.65156101612377
9491,6.19220187993576
9492,8.96970407749136
9493,5.35280209727465
9494,6.00058707355652
9495,7.92876806781001
9496,4.5976586876233
9497,5.40750975584923
9498,3.72429802875674
9499,0.716288513123594
9500,3.63758803360062
9501,5.63579671483166
9502,3.01289484324062
9503,5.17377004220978
9504,10.4582696531901
9505,4.02025199326897
9506,8.9280037551742
9507,1.80118487968326
9508,9.99848187742913
9509,14.4357304831784
9510,2.49259072433148
9511,5.43426478632301
9512,4.79556124398079
9513,5.26244447642719
9514,4.04548279598319
9515,12.9087173997256
9516,8.08081299638794
9517,3.83727751637294
9518,2.257740086854
9519,4.01049455263478
9520,3.21491346408699
9521,7.98569920281579
9522,5.18751015792506
9523,7.62020572162495
9524,5.37387911444072
9525,2.9396606909817
9526,9.30422779477458
9527,5.51948247295524
9528,6.19902777630073
9529,9.01661568549971
9530,5.34655523128515
9531,6.18562538037631
9532,2.95333633190143
9533,7.0530100178501
9534,2.0829554269884
9535,4.6380788849833
9536,8.11142230671058
9537,8.91301088786192
9538,6.9384525628924
9539,8.19165779462525
9540,3.57805324517654
9541,8.27915575743847
9542,8.90862469160979
9543,5.08170922434473
9544,6.92165276366174
9545,4.69004787050379
9546,3.22472564579275
9547,6.18430538515031
9548,0.354262336736985
9549,6.2408222573775
9550,6.50857006830278
9551,3.66685557946357
9552,5.95993549463279
9553,8.92155223285063
9554,2.98928037981952
9555,7.6482150960872
9556,8.77435898452088
9557,2.63980586869509
9558,2.92254516955092
9559,12.346400554758
9560,1.24700363149914
9561,5.60106738086118
9562,12.1914192853945
9563,2.23647080032822
9564,3.38516863396752
9565,3.84799085511176
9566,8.11178534210497
9567,2.83423766172875
9568,9.4717992347112
9569,3.7920463727235
9570,3.47266476310785
9571,5.37616496181011
9572,0.439100328179217
9573,7.55766234265397
9574,8.01067012895312
9575,8.05712998543196
9576,3.11603978884546
9577,6.06800449898757
9578,3.63057234954336
9579,13.4522155615738
9580,6.31379843015664
9581,3.24901298577697
9582,1.09430911915836
9583,7.36565565028035
9584,4.4320277712669
9585,8.30885521296091
9586,5.52740511906892
9587,3.8421237561416
9588,11.4963917147789
9589,3.24497267880549
9590,3.78844740147147
9591,5.00478067862019
9592,6.81861286746637
9593,6.64034465236288
9594,4.2716133703547
9595,8.67790810914092
9596,4.53141210729642
9597,2.42645933949115
9598,9.60244874011546
9599,2.61524151110648
9600,9.45355121399367
9601,5.12010006136299
9602,1.39593032830637
9603,4.28084927540552
9604,6.90641947762958
9605,12.7216181860849
9606,1.52587227710856
9607,11.8688214616612
9608,2.61629004919851
9609,6.11291618108085
9610,0.172091480643338
9611,3.28960048641452
9612,10.6013753721034
9613,10.8844453123575
9614,3.3099245475319
9615,6.29675226474338
9616,3.09940964079542
9617,2.18156008838287
9618,2.92173448602601
9619,7.53277649240751
9620,3.89372644505565
9621,11.2374915054184
9622,2.05351729973342
9623,6.90841428458792
9624,6.31037924269919
9625,4.40009102260134
9626,6.33546445184543
9627,7.81139647644578
9628,4.46245470683669
9629,1.77853748966146
9630,0.833305303265433
9631,4.55719530819736
9632,9.11289694921589
9633,3.43599383739622
9634,10.9965892145565
9635,8.45521841787387
9636,3.58866767735263
9637,1.15192751489987
9638,12.2316910115159
9639,9.02597609816143
9640,6.7855398728049
9641,5.46958949094152
9642,3.86253894059427
9643,1.5470351838188
9644,7.98619907868082
9645,11.2357108627211
9646,5.61627921041929
9647,14.0783347346442
9648,6.28203480814718
9649,-0.663494244373384
9650,5.71198158132933
9651,4.55348148709845
9652,2.56347361231134
9653,8.32433934140193
9654,11.6326703525465
9655,2.86967959493428
9656,4.03339362188229
9657,17.0515543294776
9658,4.64264259096098
9659,4.70951194175512
9660,8.9612949715613
9661,5.49938537987294
9662,8.4358718761656
9663,1.76911860193382
9664,5.5331497070673
9665,0.296263385984769
9666,6.47374174174861
9667,3.70208331116773
9668,3.68019897450653
9669,5.81738609205372
9670,3.64558890922055
9671,5.00927480613566
9672,8.75747851958215
9673,3.3038550919365
9674,8.25854245377027
9675,12.6398520211321
9676,1.05942249179318
9677,8.53301583034833
9678,8.26291473994147
9679,3.97121236882414
9680,6.12168039624351
9681,7.71152000467363
9682,9.66080622881018
9683,7.57144168539447
9684,3.45342829020507
9685,1.87294260321206
9686,10.8383281989919
9687,9.07874975853904
9688,6.61616975934136
9689,4.58002826114088
9690,8.92912557142101
9691,9.90726877467994
9692,2.28412489332479
9693,4.23544611390112
9694,10.3326678115683
9695,2.84429352080528
9696,5.52181939968342
9697,2.30084336722098
9698,3.60409140312959
9699,8.58227223434309
9700,5.76140978390121
9701,0.970098087052287
9702,10.9744501444626
9703,5.39949314259681
9704,11.8959101168036
9705,3.67129207633711
9706,4.47017014906666
9707,4.86931115492734
9708,2.24422161401227
9709,4.21109980845097
9710,8.16337924333848
9711,12.0348226293316
9712,8.11889352844424
9713,7.05561882642519
9714,3.0441870654459
9715,8.65319642798814
9716,4.04799226261164
9717,9.24385340087016
9718,3.50269562012422
9719,2.04772702757663
9720,2.69115297440723
9721,2.97086518841332
9722,6.35590694017995
9723,12.6412952799084
9724,6.04590569896883
9725,5.43307078642822
9726,4.74992424042302
9727,5.82473258696092
9728,9.85845258765118
9729,7.6923779665691
9730,2.36292661233043
9731,4.78379999943635
9732,8.39218265172483
9733,7.96753074982921
9734,2.86228840406182
9735,-1.2533563171456
9736,4.88312346907762
9737,5.4861096521564
9738,6.8097723154851
9739,6.45867480215375
9740,4.97525137648602
9741,7.72324945407588
9742,6.19419292246642
9743,9.91863729937414
9744,6.65170805588871
9745,8.11836046733195
9746,8.00433483839563
9747,9.52210701912526
9748,8.76951395233396
9749,9.2048068667329
9750,3.9155926737112
9751,5.70349492959467
9752,8.09919754558299
9753,3.48599656190574
9754,4.2203063744135
9755,7.16839861923682
9756,1.08696772292562
9757,12.1296033904288
9758,11.908685031055
9759,5.40691606179491
9760,8.17041191639809
9761,8.12213547947887
9762,11.3546769577458
9763,9.78730417457866
9764,6.92849354575472
9765,5.31509216232232
9766,6.9380786168508
9767,5.80683965413142
9768,7.54305026995024
9769,10.4440156744906
9770,3.18939570289689
9771,5.68909526600858
9772,0.523044786842156
9773,2.49730768680861
9774,5.18392453197685
9775,7.66501587991167
9776,4.76052593792992
9777,3.87152641022765
9778,1.59851466754118
9779,6.49538817397202
9780,7.59954567316357
9781,7.02813169358132
9782,12.5815698462584
