id,y
5380,6.324521646
5381,8.596496063
5382,3.381049017
5383,6.166200604
5384,6.398421139
5385,4.507031097
5386,27.96665371
5387,8.954584306
5388,3.840143627
5389,6.503902449
5390,7.449233282
5391,2.793695401
5392,2.558852091
5393,3.061095583
5394,17.29459169
5395,14.37657347
5396,9.715328438
5397,2.933733991
5398,7.91302213
5399,14.09782744
5400,6.294740744
5401,8.275717876
5402,5.287897871
5403,8.331491292
5404,10.5615763
5405,7.465348529
5406,15.08262392
5407,9.686675551
5408,5.282865184
5409,2.753616018
5410,1.929680543
5411,7.466850318
5412,3.852222557
5413,6.923707385
5414,6.56105623
5415,2.905776539
5416,5.30835734
5417,12.79725994
5418,6.237704335
5419,12.66550934
5420,11.00493803
5421,5.483174059
5422,2.448884865
5423,22.40970969
5424,10.7993762
5425,11.95745342
5426,18.67930293
5427,11.05021598
5428,4.710197132
5429,9.417146097
5430,1.967978013
5431,15.92973326
5432,3.07332449
5433,19.99923072
5434,19.8179505
5435,27.49985779
5436,2.737808095
5437,9.642359479
5438,16.39726367
5439,1.943919132
5440,9.152184556
5441,5.193600708
5442,1.922531234
5443,17.18336178
5444,4.783962498
5445,5.811761961
5446,11.3205596
5447,2.935344283
5448,7.10213298
5449,1.772402836
5450,11.46576572
5451,3.392401891
5452,6.343064285
5453,10.03697187
5454,18.87223427
5455,12.34183047
5456,16.9432871
5457,9.456868231
5458,10.95009129
5459,7.283705672
5460,2.218452738
5461,10.40344579
5462,7.228354854
5463,5.759056855
5464,10.21747022
5465,8.555668549
5466,11.10909576
5467,11.62473357
5468,7.104801471
5469,2.158316049
5470,12.92533787
5471,2.942526709
5472,12.98029729
5473,31.58820634
5474,3.439533117
5475,11.11473517
5476,7.61959534
5477,39.14735392
5478,21.82678495
5479,1.520608018
5480,6.978965637
5481,12.39203324
5482,6.019556473
5483,2.871750732
5484,11.11190551
5485,5.972972457
5486,12.56739885
5487,3.168259065
5488,5.113920436
5489,5.171609977
5490,4.590979838
5491,6.977716124
5492,6.970621162
5493,4.825330856
5494,15.11971143
5495,6.028811301
5496,3.223594214
5497,9.892999616
5498,3.671562993
5499,10.58905244
5500,16.57242811
5501,52.69182495
5502,9.568531412
5503,1.669337559
5504,6.013873464
5505,4.556466627
5506,3.352137078
5507,2.266848547
5508,7.692912148
5509,3.434939847
5510,34.08249906
5511,7.240692182
5512,10.57537186
5513,6.857451106
5514,2.609871668
5515,13.78766377
5516,11.68737807
5517,7.134360881
5518,6.330384156
5519,6.36947885
5520,3.91555011
5521,19.75780577
5522,4.574314446
5523,3.937760654
5524,7.972158902
5525,15.41424937
5526,14.90490699
5527,2.913105771
5528,6.282997169
5529,10.13200903
5530,9.198569279
5531,28.50103282
5532,8.872792324
5533,6.869907148
5534,4.617108415
5535,8.048796447
5536,5.951569372
5537,4.357154281
5538,4.683311613
5539,6.038731319
5540,3.52433628
5541,19.22298754
5542,2.550483834
5543,6.371653508
5544,19.07744321
5545,3.062824333
5546,8.189169996
5547,34.80172425
5548,5.147045273
5549,7.2326278
5550,3.390898698
5551,16.96518749
5552,8.677172033
5553,4.102566362
5554,8.120149032
5555,7.72025042
5556,10.56004527
5557,3.556198768
5558,13.43579086
5559,8.666706759
5560,3.753525693
5561,3.194894211
5562,15.72846156
5563,3.777296655
5564,7.96976164
5565,18.72590748
5566,20.87391154
5567,14.96861444
5568,2.438952322
5569,2.550283091
5570,1.982904605
5571,14.3955915
5572,3.172092753
5573,4.470146679
5574,23.37778918
5575,9.488064485
5576,10.00664714
5577,4.009379506
5578,4.927175641
5579,2.961480759
5580,8.676764665
5581,2.370358628
5582,17.6713112
5583,27.77600143
5584,3.985413913
5585,4.606608048
5586,5.324791186
5587,15.65934012
5588,7.6938549
5589,13.39234929
5590,17.33511137
5591,3.641635574
5592,10.81134967
5593,9.746418851
5594,2.077931527
5595,6.869741812
5596,2.328090292
5597,4.794278361
5598,17.2541313
5599,7.681150832
5600,6.73646775
5601,13.38206904
5602,8.064890031
5603,8.132165772
5604,6.426458011
5605,7.340685846
5606,2.036439523
5607,15.92184739
5608,11.89281219
5609,2.675513343
5610,8.431834407
5611,5.151718542
5612,5.140286218
5613,3.274639302
5614,21.98255677
5615,5.204159614
5616,4.424690058
5617,14.80161336
5618,9.386898459
5619,3.33748738
5620,7.166543255
5621,2.85539373
5622,3.768030429
5623,5.307898425
5624,14.64077594
5625,8.197817344
5626,7.558956672
5627,6.347716688
5628,5.799023741
5629,6.755652254
5630,3.896436751
5631,7.325767395
5632,8.258168848
5633,5.682256621
5634,4.37030204
5635,5.727441077
5636,3.185341076
5637,6.260679333
5638,12.30778391
5639,9.932947419
5640,6.938274511
5641,3.710784935
5642,3.989978202
5643,8.866203626
5644,4.013496592
5645,8.79378584
5646,11.32339586
5647,11.56261089
5648,10.7944608
5649,5.604460779
5650,7.076433395
5651,31.63939556
5652,7.656860802
5653,4.114514938
5654,3.025931775
5655,1.904986044
5656,6.530968348
5657,6.629058851
5658,3.782622056
5659,1
5660,4.99890145
5661,4.762180303
5662,3.61890448
5663,5.446511838
5664,7.537724224
5665,2.024032293
5666,2.771212402
5667,13.30043911
5668,5.674832887
5669,5.315532152
5670,5.911242288
5671,3.252235116
5672,3.127859293
5673,1.213137394
5674,13.82685921
5675,13.09246089
5676,16.4878234
5677,21.80915757
5678,3.67287286
5679,25.39855807
5680,14.8451004
5681,10.51032171
5682,12.10860167
5683,4.494059316
5684,11.91502602
5685,9.85827798
5686,18.09219177
5687,2.810016954
5688,9.272891493
5689,18.64645318
5690,4.511039287
5691,3.33612415
5692,10.67978582
5693,4.356522751
5694,4.505983355
5695,6.25553635
5696,5.682316836
5697,9.816248795
5698,13.25029041
5699,7.999467038
5700,13.4184471
5701,12.35130623
5702,2.545043774
5703,5.391572954
5704,3.325466936
5705,45.62878302
5706,12.74300384
5707,2.445074452
5708,10.05705522
5709,5.470731573
5710,2.038625317
5711,9.822885251
5712,5.495749448
5713,12.80070297
5714,8.363288822
5715,4.211280538
5716,9.574418931
5717,5.30497124
5718,6.591825448
5719,5.914373486
5720,15.59235027
5721,5.480467917
5722,15.33916706
5723,4.143688791
5724,5.357043384
5725,5.562694572
5726,7.591357512
5727,24.88626838
5728,16.14607228
5729,6.55952665
5730,4.215693861
5731,12.37020622
5732,3.361006333
5733,4.164857244
5734,5.000379328
5735,10.56307881
5736,5.161665905
5737,6.137425285
5738,9.033567494
5739,15.42046561
5740,6.63445893
5741,9.017632327
5742,6.548405734
5743,13.47255699
5744,5.424144047
5745,9.507259009
5746,5.345379553
5747,7.06733796
5748,7.702771483
5749,6.698255697
5750,5.502498787
5751,10.51839358
5752,3.163621315
5753,3.522303257
5754,6.227179347
5755,2.334091285
5756,18.55817909
5757,2.699956146
5758,5.07114333
5759,2.28264972
5760,2.223076751
5761,2.644214857
5762,23.26237862
5763,6.346044485
5764,3.762160726
5765,6.286537668
5766,5.801240504
5767,5.188292343
5768,3.94681347
5769,3.403595413
5770,10.80672036
5771,3.860826263
5772,7.064253502
5773,7.217704971
5774,6.286844264
5775,14.33270521
5776,11.96964226
5777,3.149886934
5778,2.726633996
5779,3.76976835
5780,5.079947976
5781,3.078473747
5782,8.737397369
5783,11.11540469
5784,6.396632893
5785,11.01253673
5786,13.49454046
5787,8.879738768
5788,8.546356439
5789,3.136845097
5790,11.54779369
5791,1.472429698
5792,4.194365993
5793,11.55314058
5794,5.297129157
5795,12.80099097
5796,7.724469992
5797,7.287075481
5798,12.88589683
5799,8.07794228
5800,14.30522267
5801,4.341049021
5802,4.80637781
5803,8.459974797
5804,5.433238101
5805,5.386610641
5806,6.812458213
5807,14.89326115
5808,14.05479985
5809,11.02786784
5810,12.48248698
5811,40.28980766
5812,8.100830556
5813,11.28320183
5814,7.555268983
5815,5.567623126
5816,8.695668454
5817,5.930218571
5818,9.714119865
5819,5.638319017
5820,12.51544869
5821,6.009525892
5822,5.985045018
5823,4.410543331
5824,46.1226024
5825,7.515610851
5826,7.691136324
5827,3.252563957
5828,1.900170199
5829,13.43123077
5830,6.806635236
5831,6.806878974
5832,7.559403802
5833,29.76900722
5834,5.168886667
5835,6.397328217
5836,5.615178165
5837,6.853588562
5838,5.746278728
5839,10.26835484
5840,10.55202278
5841,7.866310058
5842,4.295044888
5843,5.435495689
5844,6.69223715
5845,6.953544177
5846,9.590967513
5847,5.832032161
5848,6.17186845
5849,11.6306813
5850,11.56122309
5851,4.304642179
5852,7.435772331
5853,8.630814516
5854,2.584199279
5855,3.540052363
5856,10.4034265
5857,6.908645942
5858,6.501269417
5859,8.876878382
5860,3.434914577
5861,5.276897651
5862,8.565694275
5863,9.524481358
5864,9.053908884
5865,3.638731078
5866,13.87035056
5867,15.6153069
5868,10.40470728
5869,8.148075657
5870,7.038927865
5871,6.771789767
5872,14.35916631
5873,11.29965233
5874,10.76112419
5875,4.87690317
5876,4.44959243
5877,4.612193348
5878,17.70355486
5879,15.50623293
5880,10.23030586
5881,13.09923446
5882,8.121213771
5883,10.28280682
5884,5.751047487
5885,15.73911254
5886,6.411903743
5887,7.310515125
5888,3.825649884
5889,17.38703806
5890,16.20019937
5891,5.527924287
5892,4.01030243
5893,4.659310485
5894,5.329346179
5895,11.75777661
5896,9.308147135
5897,6.358376644
5898,8.841810499
5899,19.86842631
5900,11.79147611
5901,7.308172901
5902,6.774751827
5903,18.86169539
5904,14.48497576
5905,2.635976989
5906,9.160283948
5907,1.624894121
5908,4.950960964
5909,15.22951532
5910,3.879179066
5911,4.23680177
5912,7.704128756
5913,2.351403602
5914,2.041592357
5915,4.592540337
5916,2.25298182
5917,10.38961193
5918,8.432164299
5919,6.259758516
5920,10.97863526
5921,3.844610589
5922,7.136353439
5923,5.442041557
5924,2.630336981
5925,3.751903866
5926,11.88373721
5927,5.957346832
5928,3.094676445
5929,10.12011542
5930,9.464820578
5931,11.20179117
5932,3.382735225
5933,2.392751322
5934,27.70893938
5935,4.279468755
5936,12.47905124
5937,6.850152595
5938,9.608318063
5939,16.05605588
5940,25.71115025
5941,4.245285104
5942,6.809976998
5943,4.968385756
5944,19.17455855
5945,9.972886838
5946,8.416558698
5947,4.862567176
5948,4.743529312
5949,7.926284916
5950,13.05316644
5951,1.229586845
5952,9.665510688
5953,10.96457338
5954,9.418824272
5955,2.987653282
5956,9.492207645
5957,5.337371869
5958,12.45093379
5959,5.430164197
5960,11.40391998
5961,6.128212295
5962,6.601251387
5963,10.91666393
5964,4.316792498
5965,19.25182246
5966,5.473997472
5967,6.366681936
5968,4.058453368
5969,9.779449843
5970,5.776187346
5971,4.151358461
5972,12.71271469
5973,2.336597591
5974,7.405504365
5975,8.045320699
5976,15.94394048
5977,6.919496217
5978,5.276011767
5979,9.491752106
5980,15.9293195
5981,4.52828604
5982,8.427595536
5983,4.348552725
5984,5.179205449
5985,9.500641234
5986,7.055671683
5987,6.011950469
5988,2.622294026
5989,4.794473136
5990,8.638987371
5991,3.610118293
5992,6.917134898
5993,9.933842206
5994,17.61259838
5995,4.981888027
5996,6.993728448
5997,4.01980507
5998,6.876738783
5999,10.66262918
6000,17.06243034
6001,3.9802988
6002,4.642047845
6003,4.491740512
6004,5.579331476
6005,6.751849684
6006,12.40281739
6007,6.51736337
6008,10.72585225
6009,14.08662231
6010,11.63478631
6011,9.088626863
6012,8.786888399
6013,5.267109941
6014,1.879734957
6015,4.316810335
6016,2.607463324
6017,6.817611298
6018,12.60268233
6019,12.93302961
6020,4.677169724
6021,18.22283558
6022,12.90411526
6023,11.7958813
6024,9.076811151
6025,4.172242839
6026,15.95717493
6027,6.307083307
6028,6.681361489
6029,3.314129659
6030,14.26995331
6031,4.154912746
6032,12.42479891
6033,5.823885466
6034,6.38539108
6035,33.81153122
6036,30.08339832
6037,5.911009926
6038,8.977407105
6039,6.321595088
6040,6.742867908
6041,4.739111505
6042,7.523375881
6043,8.373855083
6044,10.93324728
6045,8.868761663
6046,13.68645159
6047,4.439078159
6048,3.339490795
6049,3.637818989
6050,5.895559466
6051,4.490499668
6052,2.995271187
6053,1.93759053
6054,3.379122087
6055,1.684220764
6056,3.547814042
6057,22.05120276
6058,8.408306846
6059,3.044298742
6060,6.6322881
6061,4.542555628
6062,7.866754855
6063,2.501830643
6064,4.680155452
6065,9.868243817
6066,4.496285738
6067,5.035967893
6068,8.634691271
6069,9.397379174
6070,3.56866971
6071,4.626372465
6072,5.460217311
6073,9.750105226
6074,5.823940593
6075,10.08227348
6076,14.46875269
6077,3.148403662
6078,7.112772049
6079,10.90386479
6080,9.007061029
6081,3.265897735
6082,1.757689821
6083,3.032979747
6084,10.14835086
6085,11.77996651
6086,11.44224591
6087,10.57734903
6088,8.310949378
6089,3.445278747
6090,8.448222766
6091,12.982481
6092,6.936389192
6093,7.560237441
6094,9.156764769
6095,7.850760935
6096,9.854410517
6097,17.07773776
6098,10.45354644
6099,11.42064427
6100,23.78818659
6101,4.689882985
6102,8.059970207
6103,5.210899272
6104,7.508115282
6105,12.28998864
6106,9.340173858
6107,8.136932822
6108,15.41646228
6109,10.72968751
6110,2.644252913
6111,5.070738833
6112,9.059356313
6113,5.991600762
6114,3.287419651
6115,5.661061714
6116,5.642514336
6117,6.27171826
6118,7.757382077
6119,2.819182871
6120,12.4842933
6121,1.781528203
6122,28.28434115
6123,4.529068037
6124,4.985518856
6125,18.70272081
6126,5.272298671
6127,8.732500791
6128,12.24491198
6129,8.660369455
6130,9.351841176
6131,13.25612358
6132,3.391229589
6133,5.677398998
6134,12.8785027
6135,9.314914886
6136,31.53509983
6137,2.430477493
6138,9.471742433
6139,11.70653855
6140,4.798610621
6141,5.746129872
6142,7.385510139
6143,13.65594537
6144,6.130482228
6145,3.965848874
6146,3.758496404
6147,5.602211514
6148,4.462676031
6149,5.993345479
6150,5.59467747
6151,10.66602937
6152,10.15157099
6153,16.82241405
6154,8.155590472
6155,17.39895486
6156,3.586924904
6157,1.881080373
6158,6.448361103
6159,8.50225534
6160,34.80253743
6161,39.3194266
6162,15.75638466
6163,3.885127867
6164,3.66530092
6165,20.87631043
6166,8.010033512
6167,11.70255885
6168,5.100119788
6169,6.818284215
6170,7.841940289
6171,7.11876915
6172,6.911657478
6173,16.47049447
6174,11.47094298
6175,8.818224595
6176,18.88989341
6177,8.48737
6178,5.371053977
6179,1.905614284
6180,4.423630517
6181,3.515911446
6182,3.978862042
6183,4.50841092
6184,4.713629074
6185,1.631388886
6186,14.8674961
6187,9.813032197
6188,6.845626703
6189,4.650754834
6190,7.2675421
6191,3.603201476
6192,4.332448927
6193,10.22339059
6194,2.824551671
6195,1.197709404
6196,3.555970029
6197,3.341504318
6198,9.321528858
6199,2.558599382
6200,14.82902231
6201,11.53544061
6202,4.461902942
6203,3.84947968
6204,42.58950719
6205,2.345198769
6206,4.340620506
6207,5.710932609
6208,7.100935151
6209,5.702094372
6210,16.72596574
6211,3.462327203
6212,8.651335836
6213,8.837677104
6214,6.639246612
6215,4.652046917
6216,14.58294927
6217,8.122260825
6218,4.537760097
6219,8.452244962
6220,3.377863448
6221,4.860773074
6222,4.08866709
6223,6.771551891
6224,5.289139865
6225,16.69935012
6226,5.514656604
6227,7.226935445
6228,19.06549024
6229,2.358264856
6230,10.90333667
6231,11.52787174
6232,11.83368545
6233,4.660142396
6234,3.899930624
6235,7.70721637
6236,3.51684439
6237,14.5086838
6238,7.293778857
6239,39.69769245
6240,10.41735218
6241,7.083771324
6242,7.660172679
6243,19.00106125
6244,5.96441874
6245,4.220583398
6246,4.31404451
6247,4.276785526
6248,17.95023915
6249,18.38303531
6250,18.1212788
6251,11.33650306
6252,8.547129193
6253,7.366434525
6254,13.52524348
6255,7.780366328
6256,19.18689695
6257,4.235357345
6258,16.35913131
6259,3.16487148
6260,6.012329652
6261,10.52019177
6262,14.43439435
6263,6.84759155
6264,3.140699184
6265,5.279609738
6266,3.296938091
6267,7.274977056
6268,3.555957471
6269,8.468191053
6270,5.098046068
6271,3.918429191
6272,17.17999236
6273,3.203378511
6274,26.46704308
6275,4.507228701
6276,1.765905371
6277,1.610961423
6278,4.324512545
6279,3.859301012
6280,7.537797561
6281,16.91709961
6282,2.235429876
6283,8.271855479
6284,17.49603596
6285,4.132983882
6286,4.447675304
6287,4.752098767
6288,7.758224168
6289,6.554661552
6290,7.518436411
6291,1.334221718
6292,1.843990466
6293,8.957364997
6294,7.806641551
6295,7.216559699
6296,4.838264426
6297,4.150269365
6298,16.38627612
6299,14.96828048
6300,5.881805779
6301,7.291723449
6302,8.753995292
6303,11.96343978
6304,4.064809584
6305,4.510350486
6306,9.927678585
6307,4.091780002
6308,18.29560213
6309,7.0356702
6310,15.7843685
6311,10.10044344
6312,2.599992148
6313,3.758967149
6314,3.735253378
6315,6.060947547
6316,17.5301101
6317,5.013274067
6318,10.74410902
6319,4.026032063
6320,21.6803284
6321,3.483163873
6322,6.612252774
6323,7.802210959
6324,7.552744176
6325,19.70160726
6326,32.313228
6327,2.555695011
6328,8.416580895
6329,5.552927789
6330,3.450936925
6331,5.34060204
6332,6.677939579
6333,4.224674639
6334,9.066428542
6335,8.387001152
6336,1.725185688
6337,11.49711586
6338,5.386027033
6339,11.85228303
6340,3.767770508
6341,2.181616409
6342,3.092714071
6343,6.208794472
6344,4.654126945
6345,5.778014066
6346,11.90758584
6347,6.908750733
6348,9.26505245
6349,7.240636792
6350,3.779248815
6351,6.259427318
6352,3.397293283
6353,8.348682004
6354,5.905860883
6355,13.63716258
6356,5.732731999
6357,3.128901909
6358,5.147867807
6359,7.379812183
6360,10.20921892
6361,5.255101294
6362,8.947798024
6363,10.08248225
6364,6.172663183
6365,4.807198455
6366,9.720282283
6367,15.77218628
6368,5.493407365
6369,3.431194231
6370,3.552519004
6371,4.929519556
6372,4.762749131
6373,8.60823833
6374,5.742207293
6375,5.434281496
6376,47.16397483
6377,5.709483134
6378,4.010673854
6379,5.408012552
6380,7.70801847
6381,5.941563764
6382,6.016486351
6383,9.833983679
6384,6.514549536
6385,4.967587842
6386,5.997876502
6387,4.176440117
6388,9.005279171
6389,7.19580544
6390,40.93248298
6391,10.76007312
6392,7.397714399
6393,4.385708852
6394,8.840458789
6395,5.850858944
6396,13.60014929
6397,15.81382202
6398,4.573274289
6399,14.687988
6400,3.77894909
6401,4.628837889
6402,3.478860068
6403,7.790780581
6404,2.465676066
6405,8.47237038
6406,3.556234382
6407,7.852436169
6408,7.7268305
6409,21.75373289
6410,9.841746124
6411,5.20510679
6412,13.7795002
6413,8.360254182
6414,7.730155601
6415,5.644887737
6416,14.08125782
6417,17.74861028
6418,5.535080481
6419,4.450524397
6420,8.201677375
6421,8.428816757
6422,11.2742989
6423,4.441688963
6424,5.173042833
6425,8.698284452
6426,10.0891639
6427,6.023679954
6428,5.377168787
6429,10.01693365
6430,6.107003913
6431,7.100389065
6432,3.923885354
6433,8.304773533
6434,8.328892336
6435,19.58825325
6436,5.770040518
6437,5.375670547
6438,17.32290556
6439,3.936266526
6440,6.433904117
6441,8.564845265
6442,10.19783083
6443,7.306325983
6444,10.29387689
6445,9.169534988
6446,7.598781079
6447,3.077704025
6448,6.899422434
6449,3.717459668
6450,3.68594803
6451,15.51445329
6452,3.481130543
6453,5.480194568
6454,8.053173303
6455,10.53391528
6456,7.133175768
6457,2.5471324
6458,8.556856132
6459,7.238674593
6460,4.121037018
6461,4.266245312
6462,6.391476713
6463,5.526400499
6464,9.194245843
6465,8.518635408
6466,5.090024418
6467,4.123501731
6468,2.851418034
6469,22.7325584
6470,8.409503778
6471,5.849959866
6472,7.925821207
6473,5.892078117
6474,4.790689992
6475,3.330057439
6476,6.28238983
6477,3.708950657
6478,5.060008949
6479,4.67869648
6480,3.984668692
6481,2.276061059
6482,2.445773378
6483,5.975708442
6484,3.999863112
6485,4.148073546
6486,6.336658726
6487,2.296851999
6488,8.85925743
6489,13.92680112
6490,3.172189853
6491,13.48767158
6492,8.57602932
6493,7.289042359
6494,7.233091071
6495,5.063411374
6496,9.366508508
6497,3.425746728
6498,4.196848445
6499,5.828005783
6500,8.19605553
6501,2.554210357
6502,12.86897877
6503,12.38033076
6504,4.71640268
6505,11.35873415
6506,9.780471336
6507,14.99152093
6508,15.92218352
6509,5.060043179
6510,16.83470046
6511,5.308343089
6512,8.364777719
6513,10.0573843
6514,8.490838272
6515,6.347639446
6516,7.49524418
6517,5.695755333
6518,16.23296286
6519,8.618773925
6520,40.76103526
6521,7.577122014
6522,4.724853435
6523,2.201101299
6524,5.25019905
6525,4.227781709
6526,6.399560919
6527,15.21993887
6528,25.61700814
6529,6.151896195
6530,2.835668387
6531,13.06172614
6532,7.859000302
6533,2.285366731
6534,10.93477476
6535,13.99742951
6536,8.915910999
6537,5.866304686
6538,4.192751402
6539,5.430453281
6540,3.094201593
6541,7.333031378
6542,5.064603254
6543,12.60497792
6544,10.55829557
6545,5.987544845
6546,2.601581511
6547,5.998869172
6548,4.082812262
6549,4.562995311
6550,8.388553106
6551,9.799362438
6552,7.271297685
6553,5.114497163
6554,5.911065523
6555,14.26883351
6556,9.457371284
6557,9.456037436
6558,9.47843115
6559,4.533373044
6560,8.068800228
6561,3.351637932
6562,12.8947273
6563,2.860266326
6564,3.146116048
6565,6.021720052
6566,5.130730884
6567,5.964640913
6568,6.905271245
6569,3.968133167
6570,3.55987895
6571,3.336436398
6572,4.566989751
6573,2.258527892
6574,8.656670817
6575,6.115860121
6576,5.36048972
6577,7.267010436
6578,12.98070446
6579,10.34250661
6580,4.450952982
6581,8.581736157
6582,10.73558821
6583,7.22255038
6584,4.189691067
6585,6.447162817
6586,4.487348329
6587,6.10278799
6588,2.825668286
6589,28.07888544
6590,10.23096945
6591,15.29545407
6592,2.282621773
6593,12.05898968
6594,14.44715372
6595,17.32906711
6596,19.3653133
6597,11.3065623
6598,6.573239332
6599,6.94196905
6600,7.512481681
6601,4.161758867
6602,14.84525092
6603,12.03657825
6604,13.54804269
6605,4.846100241
6606,3.701116355
6607,2.947240908
6608,12.3573411
6609,5.102845807
6610,2.828936745
6611,12.71765443
6612,11.79776705
6613,3.638500931
6614,36.75786589
6615,5.109964518
6616,5.691828641
6617,3.765920302
6618,19.55595176
6619,4.129958201
6620,7.902836041
6621,5.132245378
6622,6.813102167
6623,9.146263991
6624,4.720576595
6625,15.15960202
6626,11.62107224
6627,4.914112
6628,5.155952629
6629,2.594219557
6630,2.590144721
6631,3.828751211
6632,17.85010147
6633,10.15422311
6634,30.48709716
6635,11.84622638
6636,2.61782632
6637,4.766679746
6638,5.11238926
6639,10.17300018
6640,10.43614123
6641,5.004474053
6642,1.855970826
6643,3.11439197
6644,10.93195911
6645,9.378449007
6646,33.2081699
6647,6.230849322
6648,5.880387954
6649,4.422012339
6650,3.655092942
6651,15.11344594
6652,10.01979387
6653,8.524350823
6654,1
6655,13.27855767
6656,11.36932928
6657,6.812104755
6658,7.2109326
6659,8.66410662
6660,12.63898672
6661,10.59957382
6662,20.91080468
6663,4.541970889
6664,19.64192757
6665,2.405546643
6666,4.352949612
6667,15.97379085
6668,18.11958199
6669,4.857056822
6670,15.35229873
6671,8.160249821
6672,4.99064219
6673,5.111453885
6674,3.009637565
6675,7.647815371
6676,4.363149583
6677,5.284607023
6678,4.89921203
6679,7.505120775
6680,11.64080107
6681,14.76101331
6682,8.951687065
6683,4.605644427
6684,6.175231297
6685,6.015410939
6686,4.503665179
6687,10.60324544
6688,6.533161837
6689,5.811121112
6690,2.532581317
6691,7.333879382
6692,11.84692378
6693,6.21249822
6694,8.496623858
6695,3.156187614
6696,6.237257587
6697,8.175357088
6698,6.141187483
6699,9.847984212
6700,5.828186656
6701,6.197882441
6702,12.83594016
6703,9.032426443
6704,14.44219141
6705,3.459668206
6706,4.101233569
6707,9.679458042
6708,4.079470814
6709,15.0617705
6710,4.725206807
6711,12.28070797
6712,4.672348548
6713,1.975995042
6714,3.996363248
6715,1.601752115
6716,6.127487272
6717,3.769898665
6718,14.40530848
6719,3.319735567
6720,2.251427526
6721,5.170332914
6722,7.973315448
6723,4.469552999
6724,2.378038711
6725,1.258988713
6726,11.54333727
6727,12.83006942
6728,2.841688463
6729,12.47217011
6730,15.96130141
6731,7.185258588
6732,20.39935663
6733,10.68142714
6734,23.29743108
6735,6.954681937
6736,5.034822715
6737,5.641632872
6738,13.39524758
6739,11.92955912
6740,14.03080507
6741,9.302051643
6742,6.87496243
6743,6.19516806
6744,5.411581794
6745,7.728990916
6746,4.635510764
6747,10.68601547
6748,1.703640599
6749,22.56418
6750,5.458418922
6751,6.632198699
6752,5.794538903
6753,7.709911058
6754,7.583329049
6755,4.845072892
6756,16.5665073
6757,4.470833962
6758,9.394339391
6759,5.346824952
6760,15.93874956
6761,5.183885122
6762,5.26356715
6763,28.04357327
6764,5.416164537
6765,11.41786016
6766,15.97120754
6767,7.105349311
6768,8.336930893
6769,9.894808122
6770,7.937355482
6771,8.010290378
6772,32.54272139
6773,9.437597285
6774,18.51888218
6775,8.82888536
6776,4.48662082
6777,5.401446322
6778,4.408277763
6779,15.05705941
6780,10.7575304
6781,29.13681785
6782,13.72851487
6783,2.759486463
6784,6.459561112
6785,9.689000883
6786,4.498867716
6787,2.045267094
6788,5.589356337
6789,3.93737208
6790,10.8338169
6791,14.11431561
6792,19.19690124
6793,8.081694199
6794,10.75454252
6795,6.825589398
6796,5.561678939
6797,2.714331986
6798,14.61632751
6799,4.891396275
6800,9.129757333
6801,8.304368669
6802,3.751174245
6803,8.723364876
6804,4.899748862
6805,22.30922038
6806,3.777599437
6807,11.71192826
6808,1.85384786
6809,6.647710955
6810,4.048861012
6811,18.09971285
6812,5.551500094
6813,2.646908444
6814,4.310010995
6815,9.031327643
6816,1.820666439
6817,3.377248385
6818,13.03867935
6819,15.59140819
6820,2.364556297
6821,1
6822,5.335346467
6823,9.630278427
6824,12.60177449
6825,8.172589072
6826,15.85718851
6827,3.945820345
6828,15.77412196
6829,2.723984206
6830,39.43331824
6831,4.554049206
6832,2.995703263
6833,6.588188348
6834,7.411617356
6835,6.590664782
6836,5.772527892
6837,6.226265948
6838,10.53923386
6839,20.14622444
6840,11.613067
6841,7.309131607
6842,5.235350267
6843,6.205966323
6844,6.121379885
6845,10.98276204
6846,4.253595756
6847,6.000200685
6848,3.414708857
6849,9.25274534
6850,15.80735111
6851,5.557353006
6852,12.2489327
6853,1.9447728
6854,2.658837783
6855,30.04917708
6856,7.684571715
6857,4.461456332
6858,3.406344528
6859,3.951880007
6860,13.61398649
6861,2.581008602
6862,28.73508948
6863,6.604721998
6864,13.21989281
6865,6.402958073
6866,4.546215922
6867,26.338022
6868,5.180990393
6869,5.157995825
6870,6.733247908
6871,6.257139406
6872,11.78770852
6873,4.126524711
6874,12.15018042
6875,11.04638633
6876,5.325650009
6877,5.594469087
6878,5.901027232
6879,2.624381464
6880,2.96471057
6881,8.709123375
6882,6.330726993
6883,13.86730997
6884,10.92027099
6885,11.68197022
6886,4.22472276
6887,9.533347613
6888,34.54503862
6889,4.612677791
6890,1.811279334
6891,4.293647901
6892,6.688358552
6893,10.95133021
6894,14.69818758
6895,4.538241301
6896,1.527914461
6897,5.184245781
6898,10.22323048
6899,3.214205414
6900,20.08379279
6901,5.777773498
6902,4.414311694
6903,6.352888891
6904,16.72388095
6905,2.891316678
6906,3.254345303
6907,4.79435127
6908,2.797750575
6909,13.9340362
6910,16.34517479
6911,14.04818277
6912,4.685271499
6913,6.772927234
6914,5.543024542
6915,6.029500928
6916,3.407529634
6917,3.128097584
6918,11.31635457
6919,10.02735443
6920,4.495339098
6921,5.562321083
6922,20.52491751
6923,22.11042207
6924,8.503124369
6925,1.491837032
6926,17.56597108
6927,8.85687584
6928,4.328744595
6929,3.86258481
6930,7.552347546
6931,29.34777808
6932,4.363936873
6933,4.167090376
6934,2.105561791
6935,4.755942917
6936,8.459003756
6937,5.004986032
6938,5.53933826
6939,6.046243088
6940,10.85981023
6941,5.774072675
6942,4.518098201
6943,7.983541738
6944,8.804890452
6945,3.093081342
6946,7.744683554
6947,5.926904766
6948,8.238286855
6949,7.5975165
6950,17.45225301
6951,28.16875934
6952,6.983490341
6953,2.662414385
6954,10.18393517
6955,5.683369428
6956,10.0754533
6957,8.091683984
6958,11.62220051
6959,4.407848792
6960,4.331111251
6961,2.581045094
6962,3.495747112
6963,4.106635122
6964,14.76338559
6965,2.522403208
6966,5.732073641
6967,3.801888233
6968,6.467045198
6969,7.145866395
6970,4.383180456
6971,13.16339883
6972,14.96465915
6973,9.076846992
6974,9.811451934
6975,6.138923989
6976,10.8642662
6977,17.84291073
6978,3.555927088
6979,8.215526195
6980,15.61144001
6981,37.1914614
6982,12.78174339
6983,6.663537484
6984,10.32642064
6985,9.022361229
6986,16.98907563
6987,13.12321177
6988,2.769214704
6989,3.36737635
6990,8.609086426
6991,3.154276927
6992,6.573382552
6993,9.293517189
6994,11.32338401
6995,3.203318093
6996,4.961155015
6997,16.29578149
6998,1.390822089
6999,8.729862396
7000,3.793293799
7001,4.284156621
7002,3.754035742
7003,7.947480662
7004,5.864619074
7005,6.059144855
7006,20.98346968
7007,9.125841597
7008,6.648881357
7009,3.970210055
7010,7.570895493
7011,3.248085654
7012,7.396229921
7013,3.446840902
7014,12.01629178
7015,5.608729395
7016,3.415121005
7017,18.12630511
7018,4.797253316
7019,4.21761415
7020,2.92650915
7021,5.863215206
7022,3.23789757
7023,9.226458814
7024,14.89925456
7025,1.747206908
7026,8.942069635
7027,10.1442488
7028,4.384506768
7029,9.362982475
7030,10.4934757
7031,4.646813135
7032,8.588066364
7033,14.94608104
7034,1
7035,9.47653631
7036,8.122860581
7037,11.98619521
7038,2.919901992
7039,3.37820405
7040,11.11888333
7041,4.860662121
7042,10.0918673
7043,16.71866908
7044,5.479691618
7045,12.25550523
7046,2.13952227
7047,3.501054507
7048,26.30387157
7049,16.08725794
7050,3.475932669
7051,9.708280581
7052,2.132314493
7053,11.72416506
7054,3.439902545
7055,7.899130706
7056,12.48651869
7057,10.59933731
7058,4.654875527
7059,19.37668749
7060,8.994498312
7061,3.595996511
7062,11.08487736
7063,16.50919876
7064,9.789132088
7065,8.465914757
7066,3.717516481
7067,10.90793221
7068,28.69848497
7069,5.068883677
7070,3.010248053
7071,5.122671713
7072,11.67799506
7073,2.671915886
7074,8.550046846
7075,3.406237031
7076,14.55240874
7077,6.094403095
7078,12.33238261
7079,9.331007394
7080,4.341028807
7081,8.030371919
7082,6.957559137
7083,8.888776298
7084,7.47548782
7085,15.43656203
7086,4.054686756
7087,5.406348484
7088,5.964221799
7089,5.239925234
7090,5.170304474
7091,10.63719435
7092,7.394764187
7093,5.035199258
7094,2.736800881
7095,10.61791299
7096,11.86166229
7097,7.138097053
7098,7.424370453
7099,4.059031651
7100,4.093620599
7101,5.887121384
7102,3.660719035
7103,2.915663972
7104,18.94127441
7105,9.950843795
7106,15.65580417
7107,9.997185717
7108,5.444830218
7109,9.809471451
7110,13.76660243
7111,2.053598987
7112,7.596666241
7113,5.32312422
7114,6.054007672
7115,2.709509956
7116,15.67988852
7117,10.67370128
7118,5.530259273
7119,7.028594051
7120,5.170285713
7121,12.13693202
7122,5.355701555
7123,6.224970379
7124,4.727186589
7125,51.78867932
7126,7.602438692
7127,5.259872697
7128,14.31173232
7129,14.18453468
7130,7.469166396
7131,2.953537877
7132,8.727181961
7133,1.097983385
7134,3.676900067
7135,7.11817446
7136,3.504465558
7137,5.432567045
7138,8.366679782
7139,19.36270266
7140,2.417482436
7141,5.600927636
7142,2.230762464
7143,3.91531662
7144,5.429981279
7145,6.334934801
7146,17.65733467
7147,20.37818983
7148,6.957234542
7149,20.07489436
7150,2.666168947
7151,9.66237192
7152,4.795396171
7153,5.707443012
7154,4.482489238
7155,11.63536585
7156,7.344734059
7157,6.206682585
7158,7.360478491
7159,3.646349536
7160,2.321783877
7161,14.96200187
7162,7.321461586
7163,11.38719366
7164,3.9036843
7165,4.055952721
7166,6.036434592
7167,6.976026642
7168,5.316848074
7169,3.475804368
7170,4.483993401
7171,9.097341146
7172,2.535880354
7173,2.484880596
7174,2.608791137
7175,13.21625109
7176,3.784737114
7177,7.365760704
7178,28.06040142
7179,8.656332274
7180,5.725533217
7181,5.196476613
7182,18.78247601
7183,2.807130082
7184,4.743590255
7185,6.485495053
7186,5.177762985
7187,6.95935204
7188,7.02659443
7189,18.01110073
7190,4.27407575
7191,3.981246861
7192,5.836059987
7193,2.629194982
7194,12.54610147
7195,17.86342874
7196,4.006644915
7197,11.40281402
7198,21.30282006
7199,21.14139407
7200,5.893917253
7201,5.562184444
7202,3.865153549
7203,16.75308841
7204,2.399807968
7205,11.82190422
7206,5.420776124
7207,8.142725176
7208,8.493962079
7209,18.35214776
7210,4.293902542
7211,5.358046691
7212,9.87572777
7213,4.858160443
7214,19.33167251
7215,6.437547249
7216,4.674197105
7217,6.765824854
7218,12.00010476
7219,2.261766899
7220,6.268838348
7221,11.51328774
7222,11.04735284
7223,1.389264634
7224,9.785050968
7225,5.607634123
7226,3.849574748
7227,4.765139515
7228,4.744548523
7229,2.698239206
7230,2.166835433
7231,2.301514293
7232,8.484994263
7233,15.85958915
7234,2.264114529
7235,22.44386508
7236,23.94497812
7237,21.62894683
7238,9.548524085
7239,14.014137
7240,4.463837732
7241,8.163301001
7242,6.153067767
7243,10.53313078
7244,1
7245,7.519534415
7246,3.127875259
7247,5.147101071
7248,10.28073286
7249,4.376545718
7250,2.163739835
7251,14.87756703
7252,9.134330516
7253,19.50073349
7254,9.092023081
7255,5.682593053
7256,7.075006815
7257,7.903969749
7258,3.484448697
7259,9.718056751
7260,5.813650166
7261,4.286687391
7262,3.976194778
7263,7.024989008
7264,4.364919447
7265,6.120359655
7266,7.916454176
7267,12.30818228
7268,11.75737413
7269,5.319382119
7270,7.08591184
7271,4.817986561
7272,6.152102108
7273,3.645266501
7274,4.882796846
7275,5.482892498
7276,7.499586983
7277,34.43564114
7278,3.841959245
7279,6.912131717
7280,9.186590894
7281,4.678003098
7282,13.34585065
7283,8.119936952
7284,4.31452923
7285,4.727970518
7286,3.211967745
7287,7.070214764
7288,4.324956648
7289,2.303489774
7290,9.866881591
7291,8.76813142
7292,3.999552601
7293,1
7294,1.829821803
7295,5.333455017
7296,3.565264414
7297,15.04578161
7298,6.94193292
7299,19.90734871
7300,11.91742449
7301,10.86505245
7302,22.60565016
7303,8.600232151
7304,7.257582255
7305,8.830761473
7306,9.068265046
7307,8.048060326
7308,7.452304526
7309,3.736275435
7310,7.328546891
7311,1.945147468
7312,2.770778229
7313,3.028593246
7314,12.29851855
7315,11.15640104
7316,10.52903859
7317,3.597775245
7318,14.77585455
7319,1.460227135
7320,2.937195547
7321,2.395806014
7322,14.74422524
7323,6.995187873
7324,16.19926728
7325,6.382005032
7326,7.661785709
7327,19.53803907
7328,5.927305811
7329,6.739541439
7330,3.988164996
7331,8.674831923
7332,7.652926785
7333,8.992363071
7334,7.541121826
7335,2.703706514
7336,7.877234379
7337,4.79780898
7338,8.690688928
7339,12.56310777
7340,24.91841788
7341,3.987881301
7342,3.129072492
7343,5.427364332
7344,4.349096503
7345,1.32331028
7346,12.27738198
7347,5.252951296
7348,9.836055157
7349,17.61783766
7350,14.81151022
7351,4.231615773
7352,18.62539234
7353,11.43706658
7354,3.388976454
7355,10.1642637
7356,17.1890617
7357,15.87916218
7358,4.988271272
7359,5.813711749
7360,6.96668191
7361,7.230268591
7362,2.714679059
7363,3.607757724
7364,17.43394021
7365,21.72815806
7366,2.892396954
7367,7.262789161
7368,11.92803128
7369,8.812612339
7370,9.230858616
7371,21.11453933
7372,11.21161297
7373,8.975792225
7374,9.143034906
7375,8.649854501
7376,4.675610618
7377,25.28137875
7378,4.697736127
7379,7.201791034
7380,9.060492481
7381,18.7037994
7382,8.516781014
7383,8.49607747
7384,9.577202707
7385,6.563945915
7386,9.711694564
7387,14.04734338
7388,4.732146764
7389,7.756108084
7390,8.286896373
7391,1.591602848
7392,5.669455483
7393,7.737960248
7394,13.90004887
7395,4.675333404
7396,1.955207984
7397,14.48745893
7398,4.395776728
7399,9.753199479
7400,9.954915583
7401,5.894921944
7402,7.969241941
7403,14.58233498
7404,5.661294778
7405,12.22354113
7406,6.617592477
7407,9.713095744
7408,11.37908036
7409,2.286819149
7410,9.024060235
7411,3.894669851
7412,6.065658317
7413,5.38297907
7414,2.052279724
7415,9.094236342
7416,3.111031246
7417,13.50881556
7418,5.725415941
7419,8.10938166
7420,3.327535613
7421,2.924011353
7422,1.568036998
7423,5.669537899
7424,8.996334664
7425,4.496272244
7426,4.867572205
7427,3.484130198
7428,2.978052727
7429,3.807682373
7430,5.083663271
7431,3.917941114
7432,6.389236455
7433,4.126374628
7434,6.978150276
7435,10.77442866
7436,4.359648219
7437,27.45786778
7438,26.92175993
7439,6.455922392
7440,3.716810917
7441,4.963164049
7442,3.84926821
7443,3.848646102
7444,10.90433451
7445,9.200199824
7446,2.974372383
7447,3.018992163
7448,4.230362695
7449,13.14064506
7450,3.460599
7451,17.1349517
7452,9.477806398
7453,4.015579167
7454,7.76160275
7455,7.485494465
7456,10.21824438
7457,8.170139604
7458,7.255870204
7459,14.97273157
7460,11.51190421
7461,6.767412036
7462,10.52800702
7463,3.156987247
7464,2.110450791
7465,3.473739265
7466,2.855525474
7467,4.847830396
7468,9.35927014
7469,9.748507266
7470,7.229822191
7471,8.736953033
7472,6.00082677
7473,5.025781521
7474,4.501237451
7475,16.26233739
7476,4.106424617
7477,7.316652552
7478,3.246765366
7479,10.34711175
7480,12.03984294
7481,10.19113471
7482,41.00515439
7483,14.08157394
7484,7.357339805
7485,5.381361549
7486,4.921715364
7487,7.650411078
7488,6.266018726
7489,12.50520454
7490,3.367309148
7491,3.204783758
7492,1
7493,8.876121157
7494,6.690543942
7495,2.427372297
7496,3.101060512
7497,10.73992645
7498,7.64763112
7499,10.65957377
7500,8.586132527
7501,13.1468955
7502,8.062241571
7503,5.139227718
7504,7.375637192
7505,8.102465382
7506,5.03715853
7507,3.875865228
7508,5.405061473
7509,4.846506391
7510,18.98871098
7511,8.00104709
7512,7.493259336
7513,4.398770329
7514,8.693129355
7515,14.26552746
7516,10.72904548
7517,4.48302117
7518,14.89686953
7519,8.693605844
7520,5.748547129
7521,4.913069072
7522,4.091901433
7523,12.78727556
7524,24.83247912
7525,12.24405047
7526,18.98814017
7527,6.600879703
7528,4.359459403
7529,3.481941101
7530,5.395613474
7531,12.56611175
7532,5.72826199
7533,2.638056828
7534,14.52971886
7535,16.76268473
7536,17.1677797
7537,3.686005358
7538,4.516245956
7539,2.551859385
7540,7.707646466
7541,3.118522142
7542,8.011053176
7543,14.53713178
7544,5.598763488
7545,4.967968027
7546,6.87279892
7547,12.51233982
7548,15.33006045
7549,7.808334695
7550,14.34870926
7551,6.005441921
7552,4.482321993
7553,8.326772282
7554,10.55045053
7555,7.452213367
7556,2.230509851
7557,9.603437099
7558,3.584810319
7559,11.49569414
7560,8.666238861
7561,3.515861151
7562,6.062516769
7563,4.228689862
7564,11.19216605
7565,11.6363106
7566,2.062604656
7567,4.661398322
7568,6.618685939
7569,3.920838515
7570,3.507053758
7571,3.07619458
7572,9.661581633
7573,9.941321508
7574,7.679965887
7575,5.869892644
7576,18.23486232
7577,6.129101547
7578,5.593540738
7579,7.009369178
7580,29.95426051
7581,9.136441749
7582,5.701157644
7583,5.178953628
7584,7.438430872
7585,8.862522937
7586,12.57638151
7587,9.260327552
7588,24.95095576
7589,7.871249286
7590,4.922749458
7591,8.742312874
7592,11.62105975
7593,1
7594,3.001084395
7595,1.431886001
7596,3.260628297
7597,3.472056206
7598,1
7599,4.516463962
7600,4.519631863
7601,13.35618651
7602,2.179972658
7603,10.37782375
7604,5.730617878
7605,5.530126497
7606,7.601076856
7607,5.706106235
7608,14.81871757
7609,23.39547748
7610,9.046291697
7611,18.45273878
7612,7.494074767
7613,12.38023651
7614,9.986058009
7615,11.33808417
7616,3.918215271
7617,6.733032728
7618,4.379987172
7619,1.395775686
7620,3.410011821
7621,4.796515047
7622,15.20781416
7623,10.48113277
7624,7.933239039
7625,8.027350447
7626,12.1965205
7627,4.171302804
7628,2.348079094
7629,12.5437713
7630,8.208905561
7631,2.239415845
7632,4.191233887
7633,12.98584044
7634,6.7979487
7635,5.648492382
7636,5.458819951
7637,6.403899188
7638,3.338352941
7639,6.670608698
7640,6.172867909
7641,3.978779688
7642,15.23983024
7643,3.518307647
7644,13.06894701
7645,8.231011781
7646,14.98706553
7647,5.840241235
7648,3.477730415
7649,8.400729231
7650,13.19988306
7651,24.79631851
7652,4.85914124
7653,9.522192642
7654,5.303023993
7655,4.827500029
7656,9.638094981
7657,4.96713426
7658,21.44124661
7659,12.112064
7660,12.88386481
7661,8.124646297
7662,2.687535746
7663,9.555017754
7664,7.690618458
7665,10.24082559
7666,14.23794169
7667,7.119675869
7668,4.896971881
7669,9.464778459
7670,6.51973928
7671,12.89464147
7672,12.96451945
7673,3.653657119
7674,7.829533416
7675,6.919641513
7676,3.408421452
7677,6.354370368
7678,9.141389748
7679,3.11463298
7680,5.664399592
7681,5.620620432
7682,3.79324058
7683,6.715521872
7684,3.899869291
7685,3.342782692
7686,20.44111591
7687,7.610720007
7688,10.30949438
7689,6.508639416
7690,8.377475191
7691,4.827581741
7692,14.25603836
7693,6.954159691
7694,7.665187562
7695,8.593736782
7696,37.61361841
7697,3.203676466
7698,6.24257334
7699,3.691249874
7700,15.53970181
7701,11.82866187
7702,6.414214133
7703,3.676396405
7704,13.46775797
7705,4.983058723
7706,20.60325301
7707,4.414213695
7708,17.84470032
7709,7.277048563
7710,6.851554852
7711,9.010869675
7712,4.559305296
7713,13.1861333
7714,3.549572413
7715,1.812822155
7716,2.563085811
7717,10.24572183
7718,2.833487461
7719,8.124693643
7720,4.391402659
7721,4.219806668
7722,3.993821325
7723,16.22167735
7724,4.398389549
7725,3.691254873
7726,6.731845149
7727,8.103105628
7728,4.951444666
7729,24.89226949
7730,9.144822065
7731,6.124261591
7732,8.087702581
7733,3.567528886
7734,8.822304664
7735,8.732767506
7736,10.33978761
7737,17.02107924
7738,2.802692575
7739,2.034795069
7740,31.81050263
7741,16.40639418
7742,14.30739669
7743,4.009518617
7744,4.954925255
7745,2.219751843
7746,17.39621532
7747,9.673471079
7748,3.16211337
7749,23.9674353
7750,2.830362843
7751,14.65450154
7752,18.12495103
7753,13.65926478
7754,3.132303235
7755,3.419301734
7756,8.91455688
7757,9.912252305
7758,8.494310605
7759,6.411364766
7760,10.94613358
7761,6.946157087
7762,4.461223057
7763,7.56231032
7764,7.979451342
7765,10.52766395
7766,4.773525248
7767,4.621330056
7768,7.599699315
7769,15.28619313
7770,9.064659688
7771,11.46445051
7772,9.941641303
7773,9.977596973
7774,5.117406688
7775,10.89910875
7776,3.072111541
7777,8.402387225
7778,9.014903441
7779,4.8186908
7780,7.105056639
7781,9.286797374
7782,3.401210834
7783,19.93922224
7784,10.91492596
7785,4.710377402
7786,8.429837508
7787,11.40944311
7788,23.15712075
7789,9.732729741
7790,4.766045762
7791,9.745637554
7792,4.444212625
7793,3.213021468
7794,7.236258105
7795,5.282453269
7796,8.757082995
7797,3.225110991
7798,5.363398262
7799,20.52088768
7800,7.612528496
7801,4.147458334
7802,2.471713147
7803,1.562718108
7804,16.0049636
7805,5.564396456
7806,3.305120592
7807,3.623460718
7808,8.426484061
7809,8.725162822
7810,16.54988699
7811,5.248765002
7812,8.659696581
7813,8.503747691
7814,2.330426585
7815,6.614442075
7816,14.99395046
7817,4.838977283
7818,11.58593037
7819,9.260124829
7820,3.321804467
7821,17.57705277
7822,13.12548807
7823,26.25103864
7824,11.15866849
7825,5.224635316
7826,4.586126884
7827,4.443184105
7828,4.021549744
7829,7.081818742
7830,12.002837
7831,4.794040823
7832,4.653941963
7833,5.933809504
7834,4.670180313
7835,7.865976266
7836,10.52999992
7837,2.852614759
7838,4.14534119
7839,1.638684391
7840,7.647599281
7841,14.9059172
7842,12.19252136
7843,5.802276478
7844,3.523765389
7845,6.463619951
7846,5.759868437
7847,4.251662677
7848,7.214273797
7849,8.352416411
7850,5.357195354
7851,11.7218447
7852,4.408727041
7853,5.96236958
7854,8.494919883
7855,2.679156984
7856,6.178101425
7857,7.241403304
7858,2.695835819
7859,11.985011
7860,3.812474742
7861,5.142293161
7862,6.389498901
7863,1.988340761
7864,15.57249872
7865,3.146303451
7866,3.099060041
7867,7.037581868
7868,8.209714035
7869,9.975091893
7870,21.38356484
7871,6.60990754
7872,16.67202409
7873,15.65798206
7874,13.03786876
7875,2.604272652
7876,7.591557596
7877,6.772324555
7878,10.04234809
7879,1.938447334
7880,4.673509016
7881,18.12053876
7882,7.208974047
7883,7.308267526
7884,9.640107534
7885,4.566248457
7886,4.609680951
7887,7.91038145
7888,5.539271796
7889,14.24731762
7890,8.601691518
7891,8.728986417
7892,9.927679385
7893,6.21105936
7894,5.083896994
7895,18.438379
7896,9.075076615
7897,3.972601443
7898,3.826752559
7899,6.748485175
7900,14.42835859
7901,11.85236504
7902,11.77937954
7903,12.55323282
7904,15.08428005
7905,6.851881053
7906,8.783129425
7907,6.665388249
7908,2.668100821
7909,14.39502422
7910,8.593389517
7911,7.396267126
7912,17.08216001
7913,9.893368158
7914,6.979183255
7915,15.80189317
7916,8.044868269
7917,5.156181876
7918,19.66293781
7919,1.966563296
7920,5.203975503
7921,3.806756243
7922,8.640832733
7923,8.071222288
7924,15.23278564
7925,10.08281389
7926,15.9407256
7927,10.6013359
7928,5.611092264
7929,5.517714313
7930,1.7818432
7931,6.939047769
7932,6.622503887
7933,5.191421401
7934,7.720569554
7935,3.479268049
7936,4.441403257
7937,9.46796507
7938,3.977054118
7939,16.37384531
7940,9.951585849
7941,10.02693965
7942,11.29209265
7943,5.705412367
7944,6.486232857
7945,2.962408063
7946,11.09560188
7947,6.468202482
7948,3.705783492
7949,4.501398047
7950,7.411847352
7951,20.34664471
7952,7.536444308
7953,10.31229823
7954,5.976628216
7955,10.83116532
7956,13.15057241
7957,9.474090998
7958,12.03273706
7959,29.53525489
7960,1.915550445
7961,5.848439115
7962,21.27044534
7963,3.371500869
7964,1.924116754
7965,2.444770506
7966,14.12581453
7967,2.50461454
7968,11.50503403
7969,7.25558268
7970,13.56949634
7971,4.166278934
7972,5.787651884
7973,11.75184888
7974,17.30648123
7975,4.031245018
7976,1.81161998
7977,4.479489685
7978,7.173695772
7979,11.07443364
7980,4.816418935
7981,4.462076057
7982,8.810261264
7983,3.003752837
7984,3.396283128
7985,20.66790655
7986,5.273790189
7987,4.695409354
7988,18.81480297
7989,6.552972591
7990,10.62366675
7991,7.209142581
7992,3.203787164
7993,12.68179833
7994,5.745606422
7995,2.516908436
7996,8.758848878
7997,1.347596047
7998,3.457736492
7999,7.791205659
8000,21.26958534
8001,2.669118323
8002,6.084809664
8003,3.488403989
8004,7.222612601
8005,8.542668618
8006,8.012624816
8007,9.402690047
8008,6.900769681
8009,8.068583037
8010,5.471404526
8011,6.369298193
8012,3.045233132
8013,11.36968669
8014,6.435327791
8015,2.709409439
8016,19.79163109
8017,35.06922201
8018,10.36507377
8019,11.72611947
8020,9.563022936
8021,2.060373759
8022,4.82054332
8023,6.608412888
8024,4.004195334
8025,2.220140618
8026,8.285009668
8027,7.547952875
8028,5.20682034
8029,8.341628779
8030,6.670372209
8031,7.60631298
8032,2.032984986
8033,5.403201327
8034,14.36607271
8035,11.88221925
8036,5.827320943
8037,3.366162046
8038,5.739980789
8039,14.12917734
8040,10.02240986
8041,28.01718401
8042,2.771035584
8043,3.352198275
8044,10.48722758
8045,11.99835388
8046,15.1419504
8047,3.758863916
8048,13.94705594
8049,5.339479777
8050,12.43313692
8051,10.62501933
8052,12.36325474
8053,2.63306996
8054,5.546388581
8055,6.807042972
8056,9.68014521
8057,4.498769703
8058,15.84548202
8059,3.963421229
8060,2.268395088
8061,5.876636198
8062,5.906749821
8063,3.547330117
8064,3.952973716
8065,18.35628402
8066,8.631658013
8067,15.26910782
8068,4.976313047
8069,7.059549583
8070,12.16615925
8071,5.765949066
8072,4.033491994
8073,18.30708614
8074,13.8006928
8075,7.506399422
8076,9.552060591
8077,1.920478262
8078,12.89424065
8079,9.284002376
8080,6.702548937
8081,11.29804937
8082,5.379319776
8083,6.167735685
8084,16.42215433
8085,14.69991094
8086,2.708716589
8087,8.76092714
8088,14.54205227
8089,4.201808848
8090,6.49790542
8091,3.283281837
8092,10.77891254
8093,5.045356222
8094,4.189653417
8095,15.51022996
8096,10.29065922
8097,7.831429568
8098,6.676668733
8099,11.90645015
8100,6.168947644
8101,2.954996559
8102,3.983029998
8103,5.509102873
8104,9.013829871
8105,3.170033657
8106,7.203963904
8107,3.704873688
8108,1.819908549
8109,4.03484063
8110,4.316712065
8111,11.03447486
8112,2.793900723
8113,18.41549824
8114,8.063019899
8115,5.039284661
8116,5.233471682
8117,1
8118,6.676008199
8119,7.925772323
8120,21.34182598
8121,10.25926517
8122,5.146590328
8123,3.536075587
8124,14.07983527
8125,7.070132476
8126,4.706223763
8127,18.78125719
8128,4.635561024
8129,5.094498305
8130,23.60604307
8131,3.260113328
8132,19.30660996
8133,6.041465972
8134,2.547710268
8135,5.174457843
8136,31.41898644
8137,17.97356952
8138,3.280800908
8139,3.1976441
8140,5.445177432
8141,2.681588401
8142,4.055836269
8143,4.212172349
8144,5.553264391
8145,15.15155838
8146,8.914617815
8147,15.41531189
8148,6.132910907
8149,8.817436739
8150,9.277426156
8151,2.10693117
8152,13.39519057
8153,5.493696177
8154,4.64249496
8155,38.14561462
8156,8.00905293
8157,13.38834073
8158,10.69292916
8159,2.966207546
8160,20.00314084
8161,6.415134369
8162,4.077074542
8163,5.231304057
8164,5.529328786
8165,4.024604803
8166,4.301864105
8167,24.79164749
8168,10.68118079
8169,5.430808693
8170,5.18423383
8171,17.29744849
8172,2.697987537
8173,5.355234326
8174,2.708857331
8175,4.71508669
8176,11.80545495
8177,9.044944005
8178,19.20420637
8179,7.378689753
8180,11.7773149
8181,3.896662604
8182,8.768835144
8183,9.212962011
8184,9.074494294
8185,7.275194354
8186,20.92272181
8187,7.036534013
8188,13.90020397
8189,3.872861763
8190,3.460046262
8191,37.05137913
8192,5.746213176
8193,14.03152016
8194,7.117726229
8195,11.59524099
8196,5.216926713
8197,8.232116434
8198,6.033384855
8199,10.73694281
8200,10.03542474
8201,7.353486778
8202,11.21840864
8203,3.981820489
8204,12.0899966
8205,3.716934167
8206,5.316216159
8207,4.94251376
8208,3.041115002
8209,4.891235573
8210,2.684164711
8211,10.27792579
8212,9.468600869
8213,22.08728039
8214,14.38340342
8215,8.88305583
8216,6.211898169
8217,7.401186662
8218,6.181638753
8219,10.37959563
8220,15.89414724
8221,7.656728932
8222,5.683252835
8223,5.983183982
8224,5.464299761
8225,4.980316278
8226,2.837229407
8227,12.65552488
8228,13.59259023
8229,9.884239264
8230,6.815069631
8231,7.136085762
8232,18.88101131
8233,11.217861
8234,12.51349675
8235,8.190899487
8236,5.831736968
8237,4.515468998
8238,8.903256169
8239,12.72505493
8240,4.629190854
8241,4.012698971
8242,7.820738499
8243,8.89162719
8244,7.098892417
8245,5.57626548
8246,8.203161935
8247,4.53139814
8248,20.85227736
8249,9.206213271
8250,8.056466656
8251,7.966551807
8252,2.368407382
8253,5.470415894
8254,11.17832157
8255,5.187660116
8256,9.749432616
8257,8.463026304
8258,10.39632052
8259,14.66187799
8260,12.43614458
8261,18.79317574
8262,25.45324933
8263,9.618695109
8264,6.125461621
8265,11.46531042
8266,5.255237869
8267,6.430045267
8268,3.038508785
8269,5.445176736
8270,5.251295971
8271,12.8403794
8272,12.81219407
8273,13.03587678
8274,3.052356393
8275,3.280643687
8276,4.613898689
8277,11.23667103
8278,3.919363427
8279,6.14308802
8280,6.754464959
8281,2.991479914
8282,7.870900272
8283,5.991142943
8284,8.32885776
8285,14.61395457
8286,18.32344314
8287,5.975479292
8288,38.04191759
8289,4.077867001
8290,7.629144655
8291,9.889454653
8292,3.978476635
8293,5.426723239
8294,7.340154816
8295,4.738459087
8296,9.625982818
8297,7.533607233
8298,6.643410778
8299,4.538705134
8300,5.501021004
8301,4.475373027
8302,4.757934274
8303,9.99739846
8304,13.31715168
8305,3.778205428
8306,8.126665341
8307,3.300961875
8308,4.126226534
8309,9.940686431
8310,5.921143241
8311,4.023469733
8312,2.86304352
8313,10.2960769
8314,22.61450632
8315,3.500086733
8316,7.110982699
8317,8.342458712
8318,2.57472371
8319,5.723342661
8320,3.708832553
8321,6.781004651
8322,7.917287401
8323,5.021772699
8324,6.203920394
8325,10.94682951
8326,9.953077665
8327,9.055418675
8328,7.965983181
8329,4.739468114
8330,2.473117958
8331,6.493893136
8332,4.500312467
8333,3.570819443
8334,5.937188003
8335,8.980652487
8336,7.56806069
8337,3.091546239
8338,3.843393596
8339,3.579513546
8340,18.26292191
8341,18.26577988
8342,4.246219363
8343,7.995201598
8344,4.550226723
8345,5.091236497
8346,6.522884573
8347,12.15387595
8348,5.410989153
8349,3.38245493
8350,5.728101805
8351,8.82075631
8352,4.819894634
8353,7.179739856
8354,5.55970026
8355,5.264908011
8356,10.58067961
8357,3.665179437
8358,1.981865492
8359,3.949520291
8360,3.409452235
8361,5.647197479
8362,8.062438901
8363,15.17703648
8364,10.21316224
8365,28.55224878
8366,1.980300261
8367,5.983040044
8368,7.202434901
8369,10.38893409
8370,13.42980982
8371,5.14547131
8372,11.01919976
8373,2.116957631
8374,5.604883924
8375,10.25430253
8376,12.72801192
8377,17.96357554
8378,13.19219104
8379,5.687217655
8380,4.113464585
8381,10.38000267
8382,2.433835276
8383,4.964706484
8384,10.337349
8385,4.934975378
8386,19.30216803
8387,11.63874454
8388,2.792690992
8389,4.281921513
8390,5.338120597
8391,14.16682771
8392,14.12548453
8393,5.821459754
8394,2.702891826
8395,6.754000637
8396,5.604338389
8397,11.45754606
8398,5.229194012
8399,4.206719693
8400,9.501732173
8401,1.858878689
8402,10.96295404
8403,2.076913456
8404,5.863648965
8405,8.025019214
8406,8.82808216
8407,5.129700248
8408,4.114681868
8409,12.72022391
8410,11.28749196
8411,5.674137673
8412,2.822621315
8413,2.900502034
8414,10.79762457
8415,20.04312548
8416,4.884328507
8417,25.32584269
8418,3.321458311
8419,11.52509044
8420,3.55263369
8421,7.562706156
8422,10.50638462
8423,9.374172313
8424,8.883295378
8425,5.156174015
8426,6.725553795
8427,4.721890153
8428,2.030456215
8429,6.381271676
8430,8.574768776
8431,12.5469754
8432,3.280264807
8433,3.387733741
8434,5.229844258
8435,10.54209567
8436,5.479807914
8437,31.22049011
8438,3.318307998
8439,4.484709722
8440,5.273481643
8441,3.676590399
8442,3.568419453
8443,10.02032844
8444,14.23818701
8445,4.562449551
8446,4.380442378
8447,5.170064734
8448,6.320780429
8449,13.01192445
8450,29.58782577
8451,3.670317366
8452,13.36860192
8453,3.883220022
8454,6.051347138
8455,3.242274
8456,6.523592727
8457,12.92836019
8458,5.732424048
8459,7.874792814
8460,3.912216238
8461,3.715649165
8462,19.12641837
8463,4.572036596
8464,3.188393029
8465,3.48353088
8466,2.460702255
8467,9.91774267
8468,6.225323501
8469,4.511473768
8470,5.652748687
8471,1.882134249
8472,9.412559795
8473,9.051929513
8474,11.13931722
8475,6.154305043
8476,6.31623066
8477,10.91684856
8478,6.263587188
8479,10.99295354
8480,5.851756063
8481,8.532702146
8482,2.905402159
8483,3.668534636
8484,4.75300558
8485,10.41855705
8486,4.273982369
8487,6.584008032
8488,5.080419852
8489,6.022076641
8490,7.807642878
8491,5.542371684
8492,28.61322303
8493,9.217649302
8494,7.71730411
8495,11.08958452
8496,7.810553748
8497,12.18458111
8498,6.009017817
8499,2.471478298
8500,3.882535386
8501,9.040884693
8502,25.48997331
8503,7.906828953
8504,8.221997085
8505,9.757376461
8506,12.08474156
8507,22.09269319
8508,3.919080774
8509,10.21120028
8510,6.394668033
8511,18.355587
8512,8.927006586
8513,10.82092082
8514,6.896133291
8515,2.741482438
8516,14.63897266
8517,5.969135198
8518,4.11956511
8519,5.119686015
8520,5.260193196
8521,6.042657488
8522,17.00250058
8523,9.428387358
8524,3.85217514
8525,3.633134486
8526,2.894784435
8527,3.988127236
8528,6.555068123
8529,4.041532733
8530,5.036179343
8531,8.599913963
8532,2.332322206
8533,11.43007884
8534,13.53482472
8535,34.07490169
8536,6.559431291
8537,2.823963236
8538,7.071459493
8539,7.636808202
8540,5.378630232
8541,5.949814692
8542,9.121854652
8543,10.91483839
8544,9.174674805
8545,4.973908319
8546,7.270146381
8547,2.485920615
8548,8.146056865
8549,13.66236646
8550,2.895311061
8551,5.193741723
8552,12.06668416
8553,4.652409873
8554,9.700549546
8555,2.981212161
8556,5.315965959
8557,12.70461723
8558,1.561506968
8559,13.72732813
8560,6.560362965
8561,6.928424367
8562,3.265628691
8563,2.888650854
8564,1.914249542
8565,3.202555991
8566,8.33501056
8567,7.888152392
8568,5.362234472
8569,4.911463943
8570,36.86314538
8571,6.245683006
8572,7.355908492
8573,9.400510492
8574,8.150369448
8575,14.86085506
8576,7.858746658
8577,4.525085017
8578,15.56039091
8579,9.37728404
8580,6.014971941
8581,6.466952773
8582,18.73322924
8583,17.98465476
8584,5.00353177
8585,13.93380976
8586,10.94972828
8587,10.33398129
8588,3.994992636
8589,5.863034029
8590,2.43902584
8591,6.49355169
8592,7.453710657
8593,8.927062247
8594,21.77764178
8595,3.927862937
8596,3.616132479
8597,7.123367979
8598,2.786208648
8599,5.684918974
8600,8.381675104
8601,4.355923825
8602,20.48215256
8603,9.069114851
8604,2.624675957
8605,8.511829603
8606,6.936067781
8607,31.15869238
8608,5.842027215
8609,7.121696559
8610,1.518010092
8611,2.281295176
8612,5.40111712
8613,5.637478194
8614,25.56994854
8615,5.761611333
8616,4.98499519
8617,2.97908741
8618,3.473580123
8619,4.227210814
8620,3.6271483
8621,8.96040652
8622,5.870562595
8623,6.48530858
8624,6.854504355
8625,3.121804815
8626,13.14141276
8627,1.999198886
8628,4.125100595
8629,6.828844654
8630,7.115582811
8631,5.704920932
8632,16.11775831
8633,10.94254055
8634,3.106978582
8635,2.499029472
8636,6.488786479
8637,2.266799255
8638,7.521334377
8639,9.380678455
8640,4.081632501
8641,4.500140004
8642,7.695636351
8643,8.163965677
8644,6.245300674
8645,19.81888823
8646,12.40775161
8647,4.767821025
8648,12.77517881
8649,9.265397504
8650,14.1895551
8651,3.396386867
8652,5.495184338
8653,1.909698531
8654,7.087060172
8655,4.892610323
8656,4.170390637
8657,14.08534071
8658,5.144943846
8659,4.992796179
8660,5.098289635
8661,3.46203304
8662,3.099964474
8663,5.369413934
8664,7.070692816
8665,6.245914507
8666,6.332464882
8667,4.452095907
8668,7.761986672
8669,9.986435705
8670,9.898719903
8671,9.367098329
8672,35.33689832
8673,15.23252259
8674,17.74509976
8675,3.696201274
8676,6.53884967
8677,10.23475968
8678,8.303248128
8679,9.369731752
8680,9.871800789
8681,3.183231005
8682,2.030252183
8683,4.255783101
8684,3.929606207
8685,7.343466408
8686,11.33458338
8687,6.268492365
8688,16.27067417
8689,3.051711226
8690,4.439518595
8691,25.78273223
8692,4.872322598
8693,7.138138846
8694,5.928016571
8695,14.01668276
8696,18.43621424
8697,6.046056184
8698,6.445841883
8699,7.932646269
8700,5.414421153
8701,2.529723039
8702,1.48191004
8703,9.795058384
8704,6.456855967
8705,8.07801652
8706,19.72748784
8707,7.075647126
8708,11.35184777
8709,8.909747356
8710,1
8711,12.3507641
8712,7.951633517
8713,7.490816478
8714,4.001802208
8715,4.133443554
8716,9.42645672
8717,2.990486907
8718,9.631038425
8719,3.639620248
8720,21.86341382
8721,8.432858365
8722,4.489367368
8723,11.57466341
8724,13.40193526
8725,10.5923499
8726,3.840704216
8727,12.6555276
8728,4.076937324
8729,17.05223573
8730,12.82821059
8731,19.03146382
8732,6.526181522
8733,1.740606167
8734,12.33872165
8735,2.663561964
8736,4.631039496
8737,27.85910992
8738,14.69854972
8739,5.071882727
8740,7.59209487
8741,4.441203083
8742,6.032489785
8743,13.43383335
8744,20.28169486
8745,3.543975123
8746,8.827786331
8747,5.712319526
8748,3.656066925
8749,15.95922631
8750,9.249176475
8751,17.0325921
8752,4.498633822
8753,4.78996861
8754,3.855297097
8755,9.432599035
8756,11.17282142
8757,3.507666355
8758,6.767814657
8759,3.167666811
8760,4.522347551
8761,7.198922595
8762,2.040998169
8763,10.39203975
8764,3.151939972
8765,9.879167268
8766,12.56925932
8767,4.208074438
8768,11.32228954
8769,28.5300674
8770,3.371802783
8771,3.641465624
8772,5.93567883
8773,15.26408099
8774,1.819296478
8775,9.428984427
8776,9.401544188
8777,16.4106785
8778,10.29940991
8779,18.33548975
8780,3.707804531
8781,10.43137509
8782,2.572621726
8783,18.99543313
8784,5.091191135
8785,2.939375929
8786,6.260524221
8787,4.522989612
8788,9.015022903
8789,19.73972896
8790,1
8791,4.928288599
8792,14.62288824
8793,9.398171727
8794,3.760857366
8795,6.410119496
8796,4.244974137
8797,5.210066041
8798,2.025763736
8799,3.674688215
8800,10.64768035
8801,5.374675157
8802,1.716672893
8803,4.822418534
8804,17.2938773
8805,4.870272943
8806,6.757251445
8807,8.045306867
8808,16.87613243
8809,8.667397381
8810,8.016719628
8811,11.85894259
8812,8.34485441
8813,4.223402605
8814,5.362722657
8815,7.649593942
8816,1.930570376
8817,5.082410504
8818,8.670802818
8819,8.327926963
8820,8.5888503
8821,4.822651575
8822,5.570166494
8823,5.64378553
8824,7.024310902
8825,5.33151032
8826,7.913531935
8827,5.17502126
8828,10.57818233
8829,6.579798391
8830,4.448610675
8831,6.667828569
8832,13.98395033
8833,6.171793038
8834,8.935698235
8835,7.285811584
8836,8.145489722
8837,5.743183469
8838,12.16453459
8839,6.301040917
8840,6.453634385
8841,6.891051912
8842,8.022921373
8843,4.106904591
8844,22.84267365
8845,5.565602947
8846,4.818088766
8847,1.745163926
8848,22.2491457
8849,3.50356167
8850,3.607853399
8851,6.686855225
8852,17.00646084
8853,5.786709093
8854,14.17404582
8855,8.850865469
8856,10.02754456
8857,9.449237251
8858,12.62419305
8859,3.556628401
8860,13.01047868
8861,3.7629609
8862,4.412686487
8863,14.66365322
8864,5.231456167
8865,6.462315353
8866,11.18208208
8867,4.090302097
8868,5.742250173
8869,4.508688158
8870,9.9065748
8871,2.642056371
8872,4.940348268
8873,3.455384631
8874,2.448910607
8875,3.33239251
8876,3.983814899
8877,5.007664264
8878,6.022090226
8879,18.0138198
8880,5.87898575
8881,3.317949254
8882,17.66483925
8883,6.534429477
8884,3.428827665
8885,12.77898332
8886,5.001808086
8887,4.944922606
8888,15.40092066
8889,2.862920828
8890,3.880056384
8891,8.338926461
8892,3.987287696
8893,8.574202968
8894,8.526293794
8895,3.750525644
8896,7.31087775
8897,6.15715084
8898,4.780955808
8899,6.725929552
8900,8.044067753
8901,11.38782348
8902,6.824926313
8903,14.67488376
8904,7.615997723
8905,5.961685572
8906,24.51869761
8907,8.434569726
8908,2.647015811
8909,8.7128131
8910,11.3215548
8911,23.34501007
8912,5.216294111
8913,4.607998786
8914,9.494778894
8915,4.582302911
8916,5.308216913
8917,3.754921187
8918,4.076568386
8919,8.843584691
8920,21.74856616
8921,1
8922,15.86926276
8923,2.380737359
8924,8.00888794
8925,5.816895562
8926,7.11018386
8927,4.198935079
8928,7.697446929
8929,9.577027153
8930,6.307178806
8931,7.423099209
8932,10.04272934
8933,2.60301285
8934,16.62427966
8935,3.372541891
8936,4.232052179
8937,5.216374162
8938,1.984793531
8939,12.40145316
8940,36.6317407
8941,10.99655909
8942,15.829664
8943,4.082241932
8944,2.715650416
8945,3.82219164
8946,8.393578081
8947,8.507440139
8948,5.904791015
8949,8.180277939
8950,8.066415761
8951,6.314155529
8952,3.310864073
8953,4.722780011
8954,4.682294783
8955,5.70099965
8956,6.358913211
8957,4.414981942
8958,9.127989818
8959,4.776307599
8960,17.824131
8961,35.38955294
8962,7.530075922
8963,5.044479826
8964,8.059519181
8965,5.715659597
8966,4.579671171
8967,1.580011069
8968,6.039901128
8969,4.474149933
8970,7.677761403
8971,12.71534321
8972,5.441768046
8973,5.302312151
8974,5.035698875
8975,10.9054848
8976,2.856847914
8977,7.909099692
8978,3.573418689
8979,21.29120255
8980,3.527726734
8981,2.66807207
8982,4.98080285
8983,10.37711092
8984,6.357856272
8985,6.149317632
8986,4.566457501
8987,7.658721201
8988,9.906704918
8989,5.741084618
8990,32.8631662
8991,9.709443908
8992,10.34846848
8993,5.230659112
8994,4.638199416
8995,3.24072759
8996,17.22595893
8997,12.48192764
8998,3.148158783
8999,1.825594941
9000,10.91142709
9001,4.503034529
9002,6.652554616
9003,3.347866748
9004,8.461895227
9005,3.801678118
9006,12.41365978
9007,3.769063229
9008,13.97777504
9009,17.05779676
9010,14.03827252
9011,11.94367186
9012,3.998799712
9013,2.289851931
9014,6.250862877
9015,5.875383161
9016,3.517144966
9017,6.185617472
9018,3.178921597
9019,6.342126015
9020,14.43753499
9021,3.583041288
9022,8.805598335
9023,7.65249562
9024,3.629067878
9025,7.247403916
9026,4.660843302
9027,6.488671787
9028,1
9029,6.405134919
9030,6.526342161
9031,13.26781071
9032,5.362104381
9033,9.340646239
9034,1.689463764
9035,5.615766237
9036,7.190898125
9037,4.806087891
9038,2.539420937
9039,2.387790502
9040,9.429821351
9041,26.31559925
9042,12.81579048
9043,19.83125245
9044,5.107423067
9045,9.381054245
9046,8.525112256
9047,6.991204494
9048,2.731173179
9049,3.245943648
9050,5.622927161
9051,6.453041741
9052,3.200658616
9053,2.783422996
9054,23.50117377
9055,11.20402507
9056,4.570573819
9057,5.96706199
9058,4.370785157
9059,9.351820994
9060,10.27608385
9061,13.47585925
9062,4.733733547
9063,11.1853589
9064,6.733689892
9065,12.23759029
9066,5.260277373
9067,7.621983903
9068,5.689195218
9069,2.502544549
9070,6.427113245
9071,3.301085569
9072,17.37631409
9073,2.004264403
9074,9.405492496
9075,3.434020014
9076,3.144418088
9077,3.379294534
9078,10.01095247
9079,2.672920502
9080,4.73003408
9081,5.433989525
9082,22.83626178
9083,7.973815672
9084,5.371479511
9085,7.607184401
9086,12.87351396
9087,3.837969915
9088,8.987812543
9089,10.6463652
9090,21.56606758
9091,5.769453956
9092,7.623491702
9093,7.148345862
9094,5.538757698
9095,9.798154169
9096,14.01748402
9097,7.594794911
9098,3.73757312
9099,8.473444577
9100,7.95576288
9101,8.326637448
9102,7.00231926
9103,7.056763009
9104,18.36368527
9105,4.913147796
9106,8.494029724
9107,5.595421654
9108,10.27387245
9109,15.86338444
9110,10.82957512
9111,11.57622557
9112,16.31916535
9113,5.353316276
9114,7.484732207
9115,8.079752638
9116,7.574237271
9117,4.126227237
9118,10.31681528
9119,4.211308068
9120,4.186586243
9121,10.10581479
9122,20.80534208
9123,4.706180926
9124,3.036662225
9125,3.440270159
9126,11.00531515
9127,7.805211679
9128,11.62509843
9129,5.101698355
9130,3.129816369
9131,7.438327803
9132,6.24061809
9133,7.54642521
9134,4.417005675
9135,2.903678095
9136,9.171558261
9137,4.590526175
9138,17.82392217
9139,3.695295818
9140,11.25467041
9141,7.405283551
9142,10.7613527
9143,3.569644299
9144,3.305404483
9145,11.14189704
9146,7.548255908
9147,3.872061877
9148,4.023906256
9149,7.630750088
9150,3.273039333
9151,10.70722381
9152,9.62613432
9153,2.283595852
9154,3.641851361
9155,14.91459489
9156,12.28705005
9157,3.47015302
9158,6.561531805
9159,10.1043627
9160,5.691332738
9161,10.28920947
9162,9.342233581
9163,2.572675206
9164,3.699415672
9165,7.389964726
9166,2.116944504
9167,8.554981481
9168,4.288273731
9169,4.438131902
9170,8.301769587
9171,10.94549983
9172,6.209128847
9173,3.239299923
9174,5.57676608
9175,14.38084756
9176,10.35545849
9177,4.115030082
9178,4.943549965
9179,6.032573461
9180,4.185153099
9181,3.483374837
9182,7.605645011
9183,10.98681425
9184,10.35924298
9185,5.510247824
9186,4.465372025
9187,8.662285352
9188,4.185689358
9189,7.083956371
9190,13.16493218
9191,8.007396944
9192,5.097687536
9193,6.318407274
9194,6.229374722
9195,11.0299257
9196,8.754647089
9197,8.951137902
9198,6.518001728
9199,5.015055827
9200,2.804099428
9201,10.17430746
9202,21.86334244
9203,10.15269964
9204,9.733222273
9205,3.40922293
9206,10.60975794
9207,18.783737
9208,26.21202305
9209,3.417935308
9210,16.25950765
9211,8.874037155
9212,10.5661654
9213,3.023532724
9214,4.807756486
9215,6.139950704
9216,6.232075207
9217,13.55337479
9218,5.182883327
9219,5.580091643
9220,28.08036887
9221,12.43925454
9222,3.64050756
9223,8.640653401
9224,9.703633211
9225,7.186733547
9226,5.942974017
9227,27.40205356
9228,4.052123419
9229,3.055884556
9230,6.266156205
9231,3.178573373
9232,4.928488335
9233,6.7831312
9234,6.31350802
9235,8.505560231
9236,9.386583946
9237,9.143078779
9238,1.436845257
9239,2.180113924
9240,8.290292061
9241,3.78371775
9242,8.882212527
9243,6.332065929
9244,3.816082553
9245,10.41518832
9246,8.642533739
9247,6.696652846
9248,17.66065664
9249,4.086317964
9250,8.390702775
9251,6.298951333
9252,6.22170828
9253,13.29170708
9254,5.233238229
9255,22.30987573
9256,1.677043409
9257,11.08306232
9258,4.874051394
9259,10.16228059
9260,3.190829452
9261,8.153270087
9262,12.15626258
9263,2.7007908
9264,2.587758788
9265,24.57111348
9266,3.243964684
9267,1
9268,25.97721878
9269,14.3187471
9270,3.697664839
9271,1.778919903
9272,10.7406301
9273,6.475910154
9274,9.062238422
9275,5.565466134
9276,4.111112034
9277,3.884721017
9278,6.328315875
9279,4.025117461
9280,10.40016789
9281,3.601235918
9282,9.152826197
9283,5.238399294
9284,5.566513768
9285,19.17409656
9286,5.808202294
9287,2.648859992
9288,13.81059367
9289,19.17500029
9290,12.08657261
9291,2.035777317
9292,3.766943887
9293,6.679916733
9294,5.58403286
9295,8.127355421
9296,8.036088926
9297,2.523309177
9298,6.370018351
9299,7.428942741
9300,14.31928197
9301,20.37361783
9302,4.967014534
9303,12.90441075
9304,12.20046524
9305,6.120637525
9306,3.248382376
9307,5.037680268
9308,5.307840142
9309,4.155332284
9310,5.971900369
9311,5.519840578
9312,7.642796373
9313,11.07988274
9314,5.453469598
9315,11.99373511
9316,15.79521803
9317,7.778762995
9318,2.66914005
9319,10.69860438
9320,16.12136931
9321,5.409351684
9322,4.124476878
9323,38.57238581
9324,7.156696597
9325,5.400812355
9326,1.970055476
9327,3.824395209
9328,2.58033332
9329,10.07087122
9330,3.675212167
9331,11.26247313
9332,8.85662576
9333,4.682930643
9334,16.3774312
9335,13.60572189
9336,12.47320171
9337,9.622301289
9338,2.123639274
9339,2.917941181
9340,8.982609135
9341,3.173175582
9342,5.729050468
9343,4.178839471
9344,4.586216601
9345,6.587483706
9346,5.380510828
9347,3.575859526
9348,6.772934926
9349,4.72756399
9350,4.186743745
9351,8.832320667
9352,13.82769624
9353,9.301268615
9354,6.315177892
9355,22.68016012
9356,8.956510814
9357,17.39838536
9358,4.254262742
9359,4.032756328
9360,2.150274993
9361,9.148209062
9362,7.332364549
9363,37.92965126
9364,10.38591146
9365,3.780361826
9366,15.64625077
9367,1
9368,10.8536703
9369,4.393048269
9370,12.04558899
9371,7.273113498
9372,3.5426845
9373,1.842994698
9374,4.811636913
9375,6.843186978
9376,5.126227741
9377,9.187159329
9378,19.24601471
9379,7.93509303
9380,7.962883327
9381,3.787023979
9382,4.102057747
9383,6.320890967
9384,22.33328849
9385,3.981969528
9386,5.600481602
9387,6.736008328
9388,9.083891432
9389,11.53625742
9390,4.031914885
9391,6.945699844
9392,5.523686106
9393,4.038338245
9394,5.018702169
9395,2.85986575
9396,23.78558198
9397,20.50115879
9398,5.676205115
9399,24.92855032
9400,6.707612904
9401,6.144088515
9402,8.526528124
9403,13.91086546
9404,8.833743591
9405,3.757077848
9406,3.2005544
9407,8.210143177
9408,8.023780335
9409,8.397816784
9410,12.5723725
9411,12.65680827
9412,8.058857617
9413,4.91056485
9414,13.36916585
9415,3.992878916
9416,22.53267734
9417,6.10560247
9418,23.77012451
9419,11.84121005
9420,64.93608673
9421,17.35997059
9422,7.245065596
9423,11.91452333
9424,4.483816457
9425,1.786580969
9426,7.461006218
9427,8.053400427
9428,18.82656544
9429,6.521554363
9430,9.355383195
9431,10.29867
9432,6.725281168
9433,10.49994128
9434,5.842365076
9435,2.686970876
9436,13.51701887
9437,6.810434855
9438,14.22712673
9439,15.18413042
9440,9.745939839
9441,4.750792808
9442,7.435684677
9443,14.33634407
9444,3.164584496
9445,7.128597338
9446,2.118594515
9447,4.378714162
9448,5.819059274
9449,12.01005961
9450,5.72920052
9451,3.499068196
9452,39.53133549
9453,3.657339789
9454,14.04464409
9455,10.30075589
9456,3.014402381
9457,12.10849517
9458,2.557176414
9459,17.06183244
9460,4.466256449
9461,5.342058343
9462,9.030136059
9463,12.93397713
9464,7.06930343
9465,7.594188631
9466,14.14982846
9467,6.38670077
9468,16.60023078
9469,2.429511554
9470,4.396676511
9471,7.910124863
9472,10.41003234
9473,3.671397134
9474,20.46976179
9475,6.037168976
9476,2.840987154
9477,15.05297476
9478,7.620236241
9479,14.30952548
9480,8.204251213
9481,7.239188773
9482,5.397200109
9483,3.451599764
9484,2.023341457
9485,8.971811093
9486,9.664441889
9487,7.674895855
9488,3.860163073
9489,8.469723053
9490,3.083438732
9491,11.2796869
9492,8.795161879
9493,8.974674772
9494,5.780179905
9495,8.887910046
9496,4.656048209
9497,6.033198074
9498,3.13145774
9499,2.945450577
9500,3.7574356
9501,8.061242074
9502,3.588759273
9503,7.361434015
9504,13.75671614
9505,4.284798772
9506,10.2017618
9507,2.174676322
9508,16.45116369
9509,28.28442875
9510,3.570062063
9511,5.349933423
9512,9.143398794
9513,4.30560589
9514,5.46923197
9515,17.71823417
9516,10.52389075
9517,4.500634102
9518,4.253620008
9519,5.216327412
9520,2.946103952
9521,8.734635973
9522,5.537989695
9523,6.933435674
9524,6.667128203
9525,4.528640658
9526,11.37854552
9527,5.99720874
9528,8.259439586
9529,10.62535078
9530,5.476572536
9531,8.199143505
9532,4.400937853
9533,8.342234435
9534,2.97141269
9535,5.582242278
9536,8.753915626
9537,18.02718164
9538,7.463950899
9539,10.1594533
9540,4.304518334
9541,8.872258146
9542,13.9370138
9543,5.461519798
9544,6.188605658
9545,9.261194093
9546,5.42873248
9547,6.448167834
9548,3.24496869
9549,5.414552921
9550,5.811195499
9551,4.678169164
9552,4.066794706
9553,13.60062285
9554,3.013381196
9555,20.69904652
9556,9.093280866
9557,3.174878482
9558,5.997041204
9559,16.18546373
9560,4.247957546
9561,5.541586165
9562,21.65184398
9563,3.359562963
9564,4.677703217
9565,6.214717369
9566,16.8316626
9567,3.17092342
9568,10.75497828
9569,4.234128919
9570,6.14614536
9571,5.90766917
9572,3.098040019
9573,13.22802859
9574,7.487612424
9575,8.684742664
9576,5.955438321
9577,7.41170549
9578,6.574309407
9579,14.88048958
9580,7.136620964
9581,2.560475116
9582,2.777678779
9583,13.38556606
9584,3.551092979
9585,6.654076766
9586,7.029887553
9587,4.499050557
9588,15.9719998
9589,11.19109601
9590,5.407650497
9591,7.307502872
9592,6.739394299
9593,9.470951915
9594,4.942598235
9595,11.4537157
9596,4.675806538
9597,3.268931454
9598,9.768151562
9599,5.682786004
9600,13.73449308
9601,6.513724018
9602,3.612460483
9603,6.854898526
9604,10.77956869
9605,18.19242981
9606,2.217224375
9607,13.73719626
9608,3.854622901
9609,7.134206232
9610,2.541593561
9611,3.276161263
9612,16.65768759
9613,12.14031555
9614,3.458289776
9615,10.48849878
9616,3.956481932
9617,5.222517692
9618,3.829305892
9619,8.950286572
9620,5.749421758
9621,18.44437758
9622,3.324521445
9623,10.55554941
9624,5.651301573
9625,4.221397081
9626,11.1974476
9627,10.15114287
9628,5.92998712
9629,4.873195428
9630,1.760141009
9631,4.10065103
9632,9.693455598
9633,3.505972796
9634,15.06254744
9635,10.00009038
9636,3.546854379
9637,2.111547158
9638,19.22808088
9639,15.22337882
9640,8.223103429
9641,7.242617027
9642,6.985510177
9643,3.835214011
9644,12.24256936
9645,17.01487685
9646,8.998893454
9647,24.4239963
9648,7.805902717
9649,1.692525748
9650,5.110815151
9651,6.020092252
9652,3.97493726
9653,8.22477463
9654,17.91057579
9655,5.315528779
9656,7.555920994
9657,31.36740033
9658,5.195578587
9659,6.472480465
9660,11.08898196
9661,5.523611497
9662,9.958521203
9663,3.284057386
9664,5.437043171
9665,2.605081778
9666,7.47161187
9667,4.102781374
9668,4.171329162
9669,7.808436103
9670,3.050148716
9671,6.243369959
9672,9.041644221
9673,4.811093793
9674,8.054456011
9675,15.47523039
9676,4.245886675
9677,10.07224817
9678,11.95560379
9679,6.958553838
9680,10.28312039
9681,8.289764279
9682,17.31669913
9683,6.933542329
9684,2.337438108
9685,2.80566085
9686,15.60006178
9687,12.14389288
9688,9.366654993
9689,5.342895789
9690,9.490766977
9691,9.524552254
9692,4.48536758
9693,3.397125979
9694,11.60723818
9695,3.73222902
9696,4.501725025
9697,3.578909543
9698,4.160871431
9699,6.901905068
9700,6.568151819
9701,2.558570332
9702,16.20616837
9703,8.656505951
9704,15.25898155
9705,6.934746017
9706,9.251326176
9707,3.983826937
9708,3.051512945
9709,6.384656193
9710,11.50327563
9711,13.35785805
9712,10.09823455
9713,8.731127707
9714,3.73155076
9715,10.03029141
9716,7.416436734
9717,14.59111519
9718,3.922149709
9719,3.514034798
9720,3.16478296
9721,3.292157097
9722,8.193829128
9723,16.0197047
9724,8.607411358
9725,5.793076448
9726,5.057415797
9727,4.955114438
9728,14.26213995
9729,8.12186745
9730,3.197117892
9731,5.216320881
9732,9.973541262
9733,7.984521498
9734,3.374159042
9735,2.654119803
9736,5.166959023
9737,6.387449371
9738,8.349997803
9739,7.753080645
9740,4.392711445
9741,9.467314596
9742,4.348352609
9743,14.5458121
9744,6.804243488
9745,12.08314729
9746,8.368794659
9747,12.71309792
9748,14.95622118
9749,13.32883743
9750,4.082215916
9751,5.867849602
9752,9.39576291
9753,6.278544429
9754,4.144133946
9755,9.152620488
9756,2.219758562
9757,20.56449298
9758,24.04953963
9759,12.7284445
9760,7.310832912
9761,10.68127437
9762,21.03312966
9763,10.57837173
9764,8.559965553
9765,8.426355579
9766,7.321768393
9767,8.027757201
9768,9.050203732
9769,8.016111284
9770,3.772574582
9771,5.74818629
9772,3.324541102
9773,3.132528195
9774,6.317414083
9775,8.94849319
9776,5.850158776
9777,4.141438257
9778,6.423087811
9779,8.811999696
9780,11.4586485
9781,10.64133175
9782,16.76049033
